,Time,SL,SH,SPL,SPH,I1L,I1H,I2L,I2H,I3L,I3H,I4L,I4H,I5L,I5H,D1L,D1H,D2L,D2H,D3L,D3H,D4L,D4H,D5L,D5H,E1L,E1H,E2L,E2H,E3L,E3H,E4L,E4H,E5L,E5H,U1L,U1H,U2L,U2H,U3L,U3H,U4L,U4H,U5L,U5H,T1L,T1H,T2L,T2H,T3L,T3H,T4L,T4H,T5L,T5H,NewI,NewA,NewD1,NewD2,NewD3,NewD4,NewD5,Deaths
Q0,2004,34688.11403,64276.5775,0,0,201.7534161,373.8461845,0,0,0,0,0,0,0,0,859.0265906,1591.763945,27.73221468,51.38739571,17.09649828,31.67956626,0,0,0,0,2837.855701,5258.505889,91.61535216,169.7619326,56.47950384,104.65571,0,0,0,0,3221.349715,5969.114793,103.995805,192.7027342,64.1118692,118.7983734,0,0,0,0,1658.248363,3072.71042,447.3280169,828.8923961,275.1139288,509.782162,0,0,0,0,0,0,0,0,0,0,0,0
Q1,2004.25,34782.39893,64176.18111,0,0,187.371545,515.325553,0,0,0,0,0,0,0,0,850.9300503,1665.021341,28.94734201,53.81119267,10.56829758,19.59735263,0,0,0,0,2802.120982,5201.622933,117.0789753,217.0634729,43.26289362,80.20338811,0,0,0,0,3176.259302,5888.409274,133.5615888,247.6026443,49.3761251,91.53562515,0,0,0,0,1578.743908,2926.745568,426.0660654,789.8598194,256.9431832,476.332448,75.24373463,139.4901072,29.05717184,53.86744869,779.2767974,215.8384131,0,12.70624737,41.33223498,46.87432429,347.8273807,601.1670565
Q2,2004.5,34878.72611,64063.92764,0,0,180.1198008,575.8826512,0,0,0,0,0,0,0,0,836.2595369,1805.816572,27.52195941,51.88634657,7.71868531,14.37110752,0,0,0,0,2766.556077,5173.419669,132.1505631,245.3008195,38.33415312,71.11227037,0,0,0,0,3131.949221,5810.167195,152.8417,283.4747674,44.43180159,82.40559931,0,0,0,0,1509.189641,2799.035216,406.1777734,753.3130578,243.6278446,451.8412101,107.2719272,198.9504286,89.33865612,165.6907203,1570.490498,454.0402372,0,25.93218028,82.22921423,93.07749151,679.0147153,1185.247556
Q3,2004.75,34976.76858,63951.29912,0,0,175.4601659,600.2697452,0,0,0,0,0,0,0,0,820.5037335,1951.302643,25.4970773,49.38984786,6.28226458,11.84320469,0,0,0,0,2730.62956,5178.131998,141.9061104,264.1044881,36.9677405,68.67484856,0,0,0,0,3088.361713,5736.29681,167.2564221,310.3759546,43.76870987,81.2131672,0,0,0,0,1448.051728,2686.894559,388.5602581,720.9305242,232.2490815,430.9090924,121.4529972,225.3401047,159.7253788,296.3492247,2362.731779,703.2584598,0,39.82128739,122.8548174,138.6317909,995.6745602,1750.241182
Q4,2005,35076.40299,63844.6718,0,0,171.776789,607.7879951,0,0,0,0,0,0,0,0,805.2803545,2078.392987,23.5335213,47.36652441,5.43342321,10.48634875,0,0,0,0,2694.530299,5211.133306,148.7403142,278.0880963,37.05411473,69.03091637,0,0,0,0,3045.449049,5668.493942,179.1781555,332.7435672,44.95112924,83.45590235,0,0,0,0,1394.038408,2588.164491,372.9795002,692.3020386,222.2630756,412.5384627,128.0981957,237.7567102,231.7664823,430.1678197,3149.946232,956.6391438,0,54.327236,163.3672306,183.5686801,1299.603751,2296.691588
Q5,2005.25,35177.55366,63747.19922,0,0,168.519567,607.3488353,0,0,0,0,0,0,0,0,790.9236357,2180.658404,21.8150633,45.97124354,4.86011614,9.7027253,0,0,0,0,2658.57592,5265.301973,153.812426,289.4929593,37.66983313,70.50616895,0,0,0,0,3003.193995,5607.922464,189.6544341,352.5732771,46.88958871,87.12735803,0,0,0,0,1346.06289,2501.105474,359.1616363,666.9522707,213.4658114,396.3654935,131.5765027,244.2984678,302.136458,560.9648269,3929.214048,1210.424231,0,69.33852291,203.8940924,227.9267902,1592.340972,2826.041832
Q6,2005.5,35280.15296,63660.20968,0,0,165.5106494,603.2585437,0,0,0,0,0,0,0,0,777.3965827,2258.575801,20.36476802,45.10129183,4.43683999,9.23363348,0,0,0,0,2623.038235,5333.588373,157.7126692,299.4328345,38.42079486,72.3905967,0,0,0,0,2961.605477,5555.190029,199.1533201,370.7898972,49.09138255,91.32833725,0,0,0,0,1303.212299,2424.300419,346.8843405,644.5089118,205.7071058,382.1306389,133.773451,248.4659901,369.640198,686.5101867,4699.401275,1462.704357,0,84.73186318,244.5274867,271.7492002,1875.213041,3339.976542
Q7,2005.75,35384.13514,63584.06019,0,0,162.6937218,597.6466819,0,0,0,0,0,0,0,0,764.5901162,2315.22331,19.15590576,44.60733577,4.10781454,8.9516304,0,0,0,0,2588.110308,5409.957349,160.7650975,308.4748037,39.14631214,74.39122932,0,0,0,0,2920.709049,5510.431635,207.8888108,387.8434989,51.33177455,95.65625968,0,0,0,0,1264.721011,2356.575285,335.9609928,624.6703778,198.8561437,369.6139199,135.5049799,251.7802905,433.9705534,806.2259384,5460.319301,1712.601802,0,100.3941138,285.3269118,315.0808827,2149.37155,3840.161983
Q8,2006,35489.43776,63518.61862,0,0,160.0477742,591.5687751,0,0,0,0,0,0,0,0,752.4072892,2354.35928,18.15039019,44.35765791,3.84460948,8.78535763,0,0,0,0,2553.915801,5489.624516,163.1649267,316.9126191,39.78727759,76.3913709,0,0,0,0,2880.538273,5473.421592,215.9638941,403.970283,53.50809475,99.93346356,0,0,0,0,1229.94764,2296.937899,326.2278717,607.1785506,192.7972474,358.6255113,137.1188003,254.8965261,495.1813154,920.2107931,6212.246348,1959.789843,0,116.2298387,326.3249642,357.9666305,2415.821696,4328.149977
Q9,2006.25,35596.00365,63463.52467,0,0,157.5598555,585.5373395,0,0,0,0,0,0,0,0,740.777765,2379.595433,17.3115152,44.25226044,3.63042413,8.690897,0,0,0,0,2520.526766,5568.995845,165.0414019,324.8983915,40.3278674,78.34647479,0,0,0,0,2841.128423,5443.681072,223.4336854,419.3073526,55.57420525,104.0848655,0,0,0,0,1198.355233,2244.532591,317.5386893,591.8053424,187.4281873,349.0007815,138.7559266,258.088118,553.4616262,1028.822575,6955.668091,2204.224334,0,132.1623893,367.5334061,400.449522,2675.444972,4805.349268
Q10,2006.5,35703.78184,63418.32667,0,0,155.2178353,579.7878068,0,0,0,0,0,0,0,0,729.6531652,2394.082221,16.60759396,44.22092997,3.45403273,8.63978799,0,0,0,0,2487.979659,5645.497943,166.487251,332.5084149,40.76992676,80.24006634,0,0,0,0,2802.512376,5420.569288,230.3332577,433.9435104,57.51066658,108.0822062,0,0,0,0,1169.494347,2198.607474,309.7624123,578.3459795,182.6587147,340.5958548,140.4660623,261.4599332,609.0397355,1132.499821,7691.142348,2445.998115,0,148.1322498,408.9486541,442.5698735,2929.017138,5273.023978
Q11,2006.75,35812.72768,63382.55133,0,0,153.0093081,574.4145076,0,0,0,0,0,0,0,0,718.9995577,2400.431161,16.01244617,44.21718921,3.30730459,8.61327732,0,0,0,0,2456.287436,5717.384107,167.5730632,339.7776189,41.121826,82.06569526,0,0,0,0,2764.718224,5403.355605,236.6897836,447.9419752,59.3109361,111.9183452,0,0,0,0,1142.988638,2158.491357,302.782144,566.6150276,178.4093087,333.2838928,142.2590479,265.0429329,662.1428806,1231.686921,8419.231109,2685.264158,0,164.0944454,450.5563649,484.3645942,3177.222591,5732.302196
Q12,2007,35922.80283,63355.73743,0,0,150.9216167,569.4411884,0,0,0,0,0,0,0,0,708.7913202,2400.741035,15.50487099,44.21211034,3.18407918,8.5991019,0,0,0,0,2425.448045,5783.552665,168.3547499,346.7184912,41.39370343,83.81997163,0,0,0,0,2727.768077,5391.273867,242.5276841,461.3507767,60.97485673,115.5952986,0,0,0,0,1118.522708,2123.577742,296.4942216,556.4436035,174.6101097,326.9521228,144.1279819,268.8363621,712.9816633,1326.804229,9140.468158,2922.196063,0,180.0158402,492.3350888,525.8668543,3420.666012,6184.187675
Q13,2007.25,36033.97456,63337.45047,0,0,148.9428218,564.8578427,0,0,0,0,0,0,0,0,699.0068578,2396.663946,15.06787048,44.18915637,3.07958078,8.58945402,0,0,0,0,2395.4501,5843.390978,168.8777385,353.33191,41.59552269,85.50018831,0,0,0,0,2691.67769,5383.561601,247.8706677,474.20776,62.5055079,119.1186528,0,0,0,0,1095.831862,2093.313872,290.807284,547.6772167,171.1999695,321.4994968,146.0596437,272.8265242,761.745095,1418.237634,9855.346535,3156.969076,0,195.8726822,534.2590844,567.1059865,3659.881952,6629.571807
Q14,2007.5,36146.21378,63327.28929,0,0,147.0625547,560.6385963,0,0,0,0,0,0,0,0,689.6269117,2389.480294,14.68788629,44.14021331,2.9900688,8.57959097,0,0,0,0,2366.27665,5896.647764,169.1795548,359.6135134,41.73635823,87.10373753,0,0,0,0,2656.456596,5379.48705,252.7424102,486.543237,63.90763509,122.4949751,0,0,0,0,1074.693544,2067.193287,285.6412691,540.1740417,168.1255731,316.8348485,148.0391765,276.9950477,808.6002095,1506.33639,10564.3147,3389.749701,0,211.6485131,576.3004259,608.1075531,3895.342867,7069.244866
Q15,2007.75,36259.49501,63324.88722,0,0,145.2714032,556.7514479,0,0,0,0,0,0,0,0,680.6333471,2380.169338,14.35413434,44.06266557,2.91259824,8.56685784,0,0,0,0,2337.907702,5943.331625,169.2915456,365.5574714,41.82420652,88.62815319,0,0,0,0,2622.108555,5378.366752,257.1666564,498.3816124,65.18683389,125.7306604,0,0,0,0,1054.920193,2044.750754,280.9263685,533.8035257,165.3406107,312.875444,150.0521335,281.3224299,853.6935338,1591.414294,11267.77619,3620.691339,0,227.3324579,618.4305427,648.8935264,4127.465943,7503.906196
Q16,2008,36373.79568,63329.91065,0,0,143.5610213,553.1633536,0,0,0,0,0,0,0,0,672.0084388,2369.470964,14.05804789,43.95731467,2.84484536,8.54998686,0,0,0,0,2310.32181,5983.63213,169.2401196,371.1586711,41.86601342,90.07130949,0,0,0,0,2588.632167,5379.575954,261.1671035,509.7425375,66.34910655,128.8314657,0,0,0,0,1036.353298,2025.558725,276.6019766,528.445278,162.8050004,309.5458492,152.0853202,285.7894762,897.1532068,1673.752085,11966.09262,3849.933307,0,242.9178524,660.6213078,689.48254,4356.619018,7934.17337
Q17,2008.25,36489.09552,63342.05645,0,0,141.9241081,549.8425924,0,0,0,0,0,0,0,0,663.7346402,2357.937329,13.79282383,43.82692641,2.7849757,8.52860573,0,0,0,0,2283.497049,6017.859515,169.0476774,376.4139087,41.86777821,91.43160247,0,0,0,0,2556.021568,5382.553758,264.7672157,520.6418401,67.40060978,131.802377,0,0,0,0,1018.858473,2009.224767,272.6156715,523.9881818,160.4841593,306.7770425,154.1270748,290.3778165,939.0912178,1753.600151,12659.58732,4077.601131,0,258.401164,702.8457822,729.8901821,4583.125768,8360.590394
Q18,2008.5,36605.37614,63361.0493,0,0,140.3543194,546.7597809,0,0,0,0,0,0,0,0,655.7945917,2345.974827,13.55305616,43.67525119,2.73153844,8.50289051,0,0,0,0,2257.411604,6046.399324,168.7333349,381.3224496,41.83468006,92.70806607,0,0,0,0,2524.267125,5386.804477,267.9900417,531.0923109,68.34750204,134.6476343,0,0,0,0,1002.321376,1995.389558,268.922249,520.3296835,158.3483328,304.5057283,156.1672915,295.0700385,979.6055332,1831.181179,13348.54929,4303.807416,0,273.7811509,745.0786959,770.1293062,4807.270315,8783.635082
Q19,2008.75,36722.62057,63386.63888,0,0,138.846159,543.8882214,0,0,0,0,0,0,0,0,648.1712294,2333.877619,13.33444277,43.5063771,2.68338578,8.47332761,0,0,0,0,2232.044095,6069.678828,168.3134964,385.8861891,41.77119627,93.90042217,0,0,0,0,2493.356105,5391.896356,270.8580584,541.1043901,69.19584999,137.3708257,0,0,0,0,986.6443419,1983.725182,265.4828276,517.3752192,156.3719829,302.6737951,158.1973319,299.8496733,1018.782026,1906.692638,14033.23685,4528.652944,0,289.0582152,787.2967327,810.2103448,5029.301354,9203.725717
Q20,2009,36840.81298,63418.59729,0,0,137.3948689,541.2039304,0,0,0,0,0,0,0,0,640.8479239,2321.854121,13.13355419,43.32432953,2.63960764,8.44055325,0,0,0,0,2207.373757,6088.142582,167.8023137,390.1095661,41.6812115,95.00907276,0,0,0,0,2463.273299,5397.458521,273.3930457,550.68676,69.95156657,139.9750043,0,0,0,0,971.7436035,1973.933571,262.2640349,515.0377388,154.533235,301.2278905,160.2098907,304.7011427,1056.696181,1980.30904,14713.88113,4752.227821,0,304.2339097,829.4786722,850.1416135,5249.435883,9621.227093
Q21,2009.25,36959.93839,63456.71658,0,0,135.9963265,538.6855141,0,0,0,0,0,0,0,0,633.8086136,2310.047755,12.94764754,43.13283052,2.59948017,8.40525205,0,0,0,0,2183.380517,6102.235026,167.2120588,393.9993333,41.56810783,96.03505783,0,0,0,0,2434.001571,5403.176835,275.6159961,559.8468564,70.62037192,142.4628088,0,0,0,0,957.5469989,1965.74499,259.2372732,513.2372962,152.8133857,300.1190774,162.1988479,309.6097044,1093.414586,2052.184027,15390.6892,4974.612594,0,319.3105643,871.6054286,889.9295991,5467.86258,10036.456
Q22,2009.5,37079.98255,63500.8066,0,0,134.6469516,536.3139858,0,0,0,0,0,0,0,0,627.0379184,2298.553121,12.77452253,42.93517476,2.56242791,8.36808852,0,0,0,0,2160.045013,6112.388433,166.5534233,397.5642528,41.43484306,96.97998784,0,0,0,0,2405.522351,5408.789116,277.5470522,568.5912946,71.20776843,144.8365765,0,0,0,0,943.9920807,1958.916508,256.3780681,511.9006866,151.1964646,299.3025469,164.1591233,314.561411,1128.996215,2122.452268,16063.84692,5195.879301,0,334.2910068,913.6600163,929.5792277,5684.744874,10449.68623
Q23,2009.75,37200.93173,63550.6929,0,0,133.3436266,534.0725616,0,0,0,0,0,0,0,0,620.5212202,2287.428514,12.61240597,42.7341803,2.52799008,8.32967247,0,0,0,0,2137.348586,6119.014903,165.8357669,400.8147588,41.28401379,97.84596382,0,0,0,0,2377.816055,5414.080092,279.2054673,576.9262249,71.71902586,147.0984389,0,0,0,0,931.0245603,1953.230443,253.6654943,510.9611083,149.6688524,298.737372,166.0865415,319.5430819,1163.493534,2191.231226,16733.52143,5416.092426,0,349.1783563,955.6274666,969.0941082,5900.223744,10861.15316
Q24,2010,37322.77264,63606.21502,0,0,132.0836259,531.9464559,0,0,0,0,0,0,0,0,614.2447179,2276.705587,12.45986149,42.53218593,2.49579599,8.29053863,0,0,0,0,2115.273244,6122.50137,165.0673173,403.7626215,41.1179097,98.63549392,0,0,0,0,2350.862439,5418.876322,280.6095873,584.857614,72.15917264,149.2504049,0,0,0,0,918.5970225,1948.492778,251.0816736,510.3578397,148.2189446,298.3862882,167.9777088,324.5422901,1196.953447,2258.62278,17399.86351,5635.309778,0,363.9758719,997.4947137,1008.476753,6114.420262,11271.05792
Q25,2010.25,37445.49237,63667.22483,0,0,130.8645556,529.9226858,0,0,0,0,0,0,0,0,608.1954549,2266.396759,12.31571955,42.33107919,2.46554722,8.2511397,0,0,0,0,2093.801635,6123.206833,164.2553377,406.4206269,40.93855736,99.35141062,0,0,0,0,2324.640904,5423.041259,281.776846,592.3914688,72.53299385,151.2944277,0,0,0,0,906.6678642,1944.531548,248.6113367,510.0359223,146.8368615,298.2154876,169.8299043,329.5473561,1229.418097,2324.714747,18063.0095,5853.583278,0,378.6868446,1039.250461,1047.728774,6327.437915,11679.57121
Q26,2010.5,37569.07832,63733.58506,0,0,129.6843034,527.9898905,0,0,0,0,0,0,0,0,602.3613237,2256.500867,12.17902089,42.13233961,2.43700083,8.21184746,0,0,0,0,2072.916999,6121.461202,163.4062618,408.8022833,40.74775721,99.996794,0,0,0,0,2299.130738,5426.47058,282.7237746,599.5340033,72.84503167,153.2324571,0,0,0,0,895.2004169,1941.195224,246.2414475,509.9458439,145.5141969,298.1944261,171.6409826,334.547342,1260.925555,2389.582295,18723.08317,6070.959671,0,393.3145216,1080.885039,1086.851057,6539.3647,12086.83677
Q27,2010.75,37693.51819,63805.16804,0,0,128.5409937,526.1381611,0,0,0,0,0,0,0,0,596.7310529,2247.007451,12.04897459,41.93708906,2.40995863,8.17295819,0,0,0,0,2052.603136,6117.565297,162.5258084,410.9215617,40.54711363,100.5749,0,0,0,0,2274.311317,5429.087822,283.4660169,606.2917586,73.09958893,155.0664799,0,0,0,0,884.1622199,1938.351103,243.9608754,510.0432224,144.2438019,298.2956313,173.4092897,339.5320517,1291.510402,2453.28926,19380.1973,6287.481161,0,407.8620554,1122.39026,1125.843909,6750.275039,12492.97457
Q28,2011,37818.79993,63881.8545,0,0,127.4329523,524.3588877,0,0,0,0,0,0,0,0,591.2941808,2237.899978,11.92492182,41.7461448,2.3842571,8.13469946,0,0,0,0,2032.844372,6111.791639,161.6190755,412.7926715,40.33806055,101.089099,0,0,0,0,2250.162262,5430.8404,284.018356,612.671683,73.30073615,156.7985469,0,0,0,0,873.5244151,1935.883737,241.7601185,510.2884871,143.0195989,298.4945166,175.1335912,344.4920246,1321.204222,2515.88938,20034.45506,6503.185982,0,422.3324708,1163.759277,1164.707196,6960.231494,12898.08369
Q29,2011.25,37944.91179,63963.53262,0,0,126.3586745,522.644617,0,0,0,0,0,0,0,0,586.0410179,2229.158238,11.80631097,41.56006946,2.35976081,8.0972405,0,0,0,0,2013.625529,6104.385777,160.6906189,414.4298676,40.12188254,101.5428214,0,0,0,0,2226.663566,5431.695983,284.3947401,618.6811801,73.45231697,158.4307937,0,0,0,0,863.2612445,1933.693391,239.6310624,510.6465601,141.8364234,298.7691962,176.8130071,349.4185306,1350.036022,2577.427437,20685.9513,6718.108906,0,436.7286463,1204.986447,1203.440447,7169.286321,13302.24492
Q30,2011.5,38071.84226,64050.09705,0,0,125.3168001,520.9889231,0,0,0,0,0,0,0,0,580.9626038,2220.760115,11.69267547,41.37921845,2.33635664,8.06070048,0,0,0,0,1994.931893,6095.567946,159.7445186,415.8472932,39.89973371,101.9395112,0,0,0,0,2203.795681,5431.639262,284.6083158,624.3281275,73.55795809,159.9654509,0,0,0,0,853.3496272,1931.694567,237.5667766,511.0865395,140.6898879,299.1003023,178.4469596,354.303557,1378.032585,2637.940324,21334.77362,6932.281691,0,451.0533043,1246.0672,1242.042957,7377.482861,13705.52315
Q31,2011.75,38199.58009,64141.44816,0,0,124.3060897,519.3862904,0,0,0,0,0,0,0,0,576.0506597,2212.682856,11.58361863,41.203781,2.31394876,8.02515716,0,0,0,0,1976.749199,6085.534909,158.7844354,417.0588478,39.6726519,102.2825878,0,0,0,0,2181.539594,5430.669069,284.6714626,629.6208764,73.62107705,161.4048486,0,0,0,0,843.7688072,1929.814601,235.5613407,511.581386,139.5762667,299.4708026,180.0351246,359.1397953,1405.218776,2697.458025,21981.00337,7145.733485,0,465.30901,1286.997922,1280.513865,7584.856792,14107.96947
Q32,2012,38328.11435,64237.49131,0,0,123.3254083,517.8320059,0,0,0,0,0,0,0,0,571.297538,2204.903975,11.47879846,41.03381713,2.29245587,7.99065465,0,0,0,0,1959.063603,6074.46188,157.8136578,418.078087,39.44157266,102.5754154,0,0,0,0,2159.876869,5428.795845,284.5958242,634.5682321,73.6448915,162.7514166,0,0,0,0,834.5000547,1927.992323,233.6096952,512.1076151,138.4923976,299.8658228,181.5773939,363.9206203,1431.617797,2756.004522,22624.71645,7358.491178,0,479.498174,1327.775843,1318.85222,7791.437231,14509.62312
Q33,2012.25,38457.5421,64338.44586,0,0,122.2916778,516.085522,0,0,0,0,0,0,0,0,566.6718331,2197.332608,11.3778897,40.86920186,2.27180763,7.95720842,0,0,0,0,1941.860411,6062.50091,156.8351412,418.9181345,39.20733856,102.8212768,0,0,0,0,2138.789662,5426.039385,279.1504823,627.555461,55.46463018,123.716861,11.63711162,25.88644044,12.12573796,26.8092871,825.5264129,1926.176817,231.5434778,512.2815769,137.0034802,299.3160599,183.2796824,369.0965317,1457.308837,2813.725922,23265.56616,7570.549099,0,493.6229343,1368.398932,1357.05704,7997.247733,14910.44789
Q34,2012.5,38588.04426,64444.83397,0,0,121.1471892,513.9374262,0,0,0,0,0,0,0,0,562.0516108,2189.60073,11.28024473,40.70868309,2.25192123,7.92475202,0,0,0,0,1925.10939,6049.739701,155.851469,419.5914101,38.97070604,103.0233406,0,0,0,0,2118.260262,5422.425538,268.0607702,607.9038128,47.44796741,106.9545158,12.69793497,28.47634397,31.23363308,69.24942242,816.8324734,1924.326224,228.9449998,511.1676978,135.2061701,298.0247415,184.7794763,373.8633994,1482.36515,2870.754874,23902.81677,7781.762842,0,507.6836285,1408.865646,1395.127349,8202.307152,15310.14796
Q35,2012.75,38719.62214,64556.67828,0,0,119.9755884,511.6062401,0,0,0,0,0,0,0,0,557.3771039,2181.489291,11.18490611,40.54982637,2.23266497,7.89303046,0,0,0,0,1908.761517,6036.188411,154.8646976,420.1090263,38.73232585,103.1845691,0,0,0,0,2098.269775,5417.980567,256.3004215,586.5745422,43.49479917,99.05633942,12.56929418,28.42740373,49.01330785,108.9918637,808.4041304,1922.406487,225.9541014,509.0640501,133.366725,296.5727411,185.981006,378.0016265,1506.627249,2926.708058,24536.4127,7992.019943,0,521.6781618,1449.174368,1433.062194,8406.630409,15708.49373
Q36,2013,38852.2568,64673.90427,0,0,118.818385,509.2266282,0,0,0,0,0,0,0,0,552.6560446,2172.985333,11.09106532,40.39038046,2.21388104,7.86166451,0,0,0,0,1892.767511,6021.833583,153.8763504,420.4805958,38.49272279,103.3076178,0,0,0,0,2078.797604,5412.727818,245.2529512,566.6079532,40.97206589,94.24661775,12.49111309,28.47819589,65.3243517,145.6959431,800.2283119,1920.390033,222.7780401,506.4190744,131.4946873,294.9764426,186.9894623,381.735786,1529.987859,2981.315713,25166.41793,8201.284026,0,535.6037432,1489.323078,1470.860617,8610.229127,16105.36074
Q37,2013.25,38985.92776,64796.40845,0,0,117.6917162,506.8656385,0,0,0,0,0,0,0,0,547.9181747,2164.164147,10.99820744,40.22885017,2.19542812,7.83028472,0,0,0,0,1877.086778,6006.670553,152.887535,420.7144754,38.25229968,103.3948134,0,0,0,0,2059.82191,5406.687626,235.2314995,548.6920656,39.04625549,90.70417657,12.51923233,28.75589321,80.51005068,180.0942032,792.2927541,1918.254575,219.5503092,503.5204671,129.6053488,293.2659608,187.8655241,385.1934768,1552.402052,3034.444468,25792.92861,8409.55862,0,549.4579458,1529.30936,1508.521631,8813.112148,16500.68387
Q38,2013.5,39120.61435,64924.07431,0,0,116.6015465,504.5563401,0,0,0,0,0,0,0,0,543.196092,2155.127223,10.90607894,40.06451875,2.17720356,7.79861182,0,0,0,0,1861.689016,5990.714121,151.8990808,420.8181185,38.01136049,103.4481985,0,0,0,0,2041.320326,5399.878546,226.2369549,532.8317933,37.43654346,87.81800498,12.61185615,29.17048501,94.79544467,212.6641454,784.58584,1915.982144,216.3503522,500.5387297,127.7246597,291.4955667,188.6422024,388.4421817,1573.857286,3086.031669,26416.05539,8616.866374,0,563.2390683,1569.130561,1546.044196,9015.285958,16894.43533
Q39,2013.75,39256.29587,65056.77946,0,0,115.5498769,502.3150873,0,0,0,0,0,0,0,0,538.5189727,2145.975373,10.81461789,39.89729016,2.15914626,7.76648524,0,0,0,0,1846.553235,5973.999333,150.9116458,420.798387,37.77013906,103.4695995,0,0,0,0,2023.27064,5392.318815,218.1850781,518.8470538,36.03727287,85.35934655,12.74114913,29.66156824,108.3178165,243.6929534,777.0965015,1913.558356,213.2256936,497.5757007,125.8774592,289.7177693,189.3412627,391.5252092,1594.359188,3136.054402,27035.91583,8823.239068,0,576.9461872,1608.783973,1583.427211,9216.755029,17286.612
Q40,2014,39392.95185,65194.39984,0,0,114.537016,500.1495492,0,0,0,0,0,0,0,0,533.9109856,2136.798136,10.72389042,39.7275058,2.14123139,7.73385292,0,0,0,0,1831.666104,5956.578426,149.9257978,420.6617905,37.52882398,103.4607014,0,0,0,0,2005.651332,5384.027623,210.9750315,506.5224058,34.80066804,83.22538711,12.89310253,30.1986391,121.1709797,273.3737033,769.8141678,1910.97187,210.2045823,494.6921472,124.0827409,287.9729234,189.9790796,394.4744716,1613.925291,3184.515962,27652.62982,9028.712709,0,590.5790888,1648.266992,1620.669521,9417.522111,17677.22706
Q41,2014.25,39530.56236,65336.81241,0,0,113.5624278,498.0625629,0,0,0,0,0,0,0,0,529.3912683,2127.670414,10.6340393,39.5557843,2.12346106,7.70075026,0,0,0,0,1817.020283,5938.516637,148.9420687,420.4146535,37.28757896,103.4231004,0,0,0,0,1988.441966,5375.026033,204.5096427,495.6510237,33.69945387,81.35783246,13.06062762,30.76618372,133.4268295,301.8522049,762.7287439,1908.213986,207.3029336,491.9228327,122.3531997,286.2882025,190.5683707,397.31426,1632.581426,3231.438118,28266.31649,9233.324946,0,604.1381613,1687.577253,1657.769926,9617.588481,18066.3039
Q42,2014.5,39669.10821,65483.89683,0,0,112.6250927,496.0541288,0,0,0,0,0,0,0,0,524.9743883,2118.652283,10.54524915,39.382894,2.10585593,7.66727149,0,0,0,0,1802.612943,5919.888006,147.9609899,420.0632206,37.04655712,103.3583473,0,0,0,0,1971.623452,5365.33757,198.7007839,486.0462282,32.71457386,79.71623008,13.2397186,31.35537636,145.1445624,329.2470429,755.8306126,1905.278358,204.5284402,489.2853803,120.6962425,284.6797653,191.1188689,400.0627033,1650.359043,3276.855424,28877.09213,9437.113621,0,617.6242807,1726.712725,1694.727205,9816.954167,18453.87169
Q43,2014.75,39808.57121,65635.53658,0,0,111.7236966,494.1225386,0,0,0,0,0,0,0,0,520.670936,2109.790179,10.45771841,39.20965861,2.08844698,7.63354941,0,0,0,0,1788.444495,5900.771638,146.9831133,419.613714,36.80590968,103.2679736,0,0,0,0,1955.178204,5354.988503,193.470161,477.5430634,31.83096886,78.26881763,13.42775575,31.9604105,156.3747242,355.6583851,749.110644,1902.160772,201.8832158,486.7859462,119.1152595,283.1554709,191.6378214,402.732838,1667.293062,3320.810676,29485.06893,9640.115904,0,631.0387033,1765.671777,1731.540137,10015.61815,18839.96224
Q44,2015,39948.93423,65791.61955,0,0,110.8567496,492.2650637,0,0,0,0,0,0,0,0,516.488126,2101.118616,10.3716419,39.03689207,2.07127117,7.59973408,0,0,0,0,1774.517553,5881.248586,146.009022,419.0723563,36.56579183,103.1535057,0,0,0,0,1939.090204,5344.007883,188.7487409,469.9969415,31.0360097,76.98912411,13.62280154,32.57697042,167.1612057,381.1723369,742.5602086,1898.858968,199.3656106,484.4230718,117.6107493,281.7172738,192.1304654,405.3336299,1683.420188,3363.35137,30090.35418,9842.367789,0,644.3829708,1804.453219,1768.207528,10213.57857,19224.60771
Q45,2015.25,40090.23335,65952.2177,0,0,109.9830794,490.3415378,0,0,0,0,0,0,0,0,512.4185597,2092.621745,10.2871838,38.86530375,2.05436554,7.56597746,0,0,0,0,1760.835473,5861.397299,142.441541,411.1095167,27.32065087,77.64459899,5.77837996,16.36869633,6.02080236,16.88827428,1923.345006,5332.427374,184.3732043,462.9920717,30.08204417,75.1890386,13.91126732,33.45082211,177.6051126,406.0394145,736.1711929,1895.372488,196.9696071,482.1850798,116.1771178,280.3516186,192.6015886,407.8740764,1698.777879,3404.527725,30692.81817,10043.88593,0,657.6587583,1843.05631,1804.728237,10410.83288,19607.83036
Q46,2015.5,40232.54239,66117.56399,0,0,109.0761827,488.2404649,0,0,0,0,0,0,0,0,508.4095111,2084.11892,10.20431105,38.69491044,2.03775499,7.53238919,0,0,0,0,1747.394648,5841.267091,136.1772262,395.4826489,23.20497206,66.52211717,6.27112192,17.88339698,15.49174444,43.45954996,1907.929446,5320.280179,179.9776726,455.5425649,29.07329099,73.17130582,14.12315891,34.10566251,187.7491538,430.3517539,729.9360019,1891.702518,194.6737662,480.0184903,114.8018792,279.026913,193.0503695,410.3485395,1713.403172,3444.390099,31292.13079,10244.60806,0,670.8669541,1881.480673,1841.101196,10607.37802,19989.62672
Q47,2015.75,40375.84791,66287.59545,0,0,108.1766743,486.0944008,0,0,0,0,0,0,0,0,504.438032,2075.517746,10.12280458,38.52501987,2.02143336,7.498969,0,0,0,0,1734.182767,5820.869923,129.6921309,379.1786914,21.13995349,61.0989895,6.1748046,17.72270497,24.28117949,68.12428399,1892.830942,5307.598448,175.5335878,447.6129536,28.17895708,71.41493392,14.27920341,34.59810187,197.4744655,453.7524633,723.8475338,1887.851655,192.4564093,477.8706595,113.4806511,277.7351479,193.4724503,412.7422998,1727.327979,3482.976345,31888.34492,10444.49487,0,684.0072996,1919.726019,1877.325418,10803.21058,20370.00419
Q48,2016,40520.12988,66462.20367,0,0,107.3024156,483.9765653,0,0,0,0,0,0,0,0,500.5115204,2066.8377,10.04248703,38.3550225,2.00537536,7.46564078,0,0,0,0,1721.187479,5800.210494,123.6613355,364.0793437,19.80417965,57.67990087,6.10871624,17.63158696,32.32506075,90.69265518,1878.037162,5294.411926,171.1163725,439.4516335,27.37114821,69.84645336,14.42457479,35.05495931,206.7749454,476.2019635,717.8991267,1883.823583,190.3062976,475.7190039,112.2070729,276.4633154,193.8673465,415.0521234,1740.580742,3520.316857,32481.56631,10643.55109,0,697.0793436,1957.791995,1913.399992,10998.32692,20748.96938
Q49,2016.25,40665.37051,66641.27529,0,0,106.4583751,481.9169245,0,0,0,0,0,0,0,0,496.644996,2058.137034,9.96328756,38.18468371,1.98955623,7.43232693,0,0,0,0,1708.400141,5779.302193,118.2263922,350.5693904,18.77921035,55.10409557,6.09969885,17.69014291,39.79938489,111.6513906,1863.536142,5280.748301,166.7885785,431.2636768,26.61882571,68.38465392,14.56798783,35.50133628,215.6765422,497.7524415,712.0845075,1879.622787,188.2177874,473.5567635,110.9750196,275.1994432,194.2347783,417.2758699,1753.187878,3556.438879,33071.90446,10841.80132,0,710.0829627,1995.678216,1949.324069,11192.72328,21126.52497
Q50,2016.5,40811.5542,66824.69922,0,0,105.6448586,479.9256657,0,0,0,0,0,0,0,0,492.8523808,2049.477894,9.88522135,38.01411495,1.9739632,7.39898967,0,0,0,0,1695.816062,5758.170382,113.3750956,338.6078649,17.92322752,52.98074837,6.1261528,17.84054561,46.82022518,131.3229289,1849.316509,5266.634089,162.5913398,423.1891242,25.90664519,66.99177475,14.70903317,35.93682753,224.2038211,518.4545913,706.397759,1875.254342,186.1877457,471.3840744,109.7801957,273.936771,194.5742439,419.4111801,1765.173793,3591.366645,33659.46544,11039.27729,0,723.0184825,2033.384351,1985.096859,11386.39582,21502.67115
Q51,2016.75,40958.667,67012.36849,0,0,104.8607658,478.004749,0,0,0,0,0,0,0,0,489.1443381,2040.913912,9.80835548,37.84366514,1.95859564,7.36564074,0,0,0,0,1683.43369,5736.850679,109.0547146,328.0442865,17.18199006,51.16097077,6.17370108,18.04392387,53.45919109,149.9069858,1835.367661,5252.095477,158.550452,415.3213598,25.22883142,65.6559316,14.84667584,36.35915706,232.3767125,538.3483409,700.8333031,1870.723791,184.2143031,469.2043262,108.6199788,272.6731062,194.8854831,421.4566452,1776.561015,3625.12181,34244.35063,11236.01253,0,735.8866404,2070.910214,2020.717628,11579.34074,21877.40706
Q52,2017,41106.6963,67204.18063,0,0,104.1046791,476.1528863,0,0,0,0,0,0,0,0,485.5282772,2032.487308,9.73278296,37.67381365,1.94346294,7.33233209,0,0,0,0,1671.25368,5715.385915,105.2058903,318.7122093,16.53027082,49.57559489,6.23499508,18.2804215,59.7656593,167.5416267,1821.679882,5237.15893,154.6815788,407.7224932,24.58372157,64.37595239,14.98058618,36.76786999,240.2124098,557.4677814,695.3858956,1866.037079,182.296285,467.0224808,107.4928604,271.4091641,195.1686919,423.4122997,1787.370569,3657.724446,34826.65661,11432.04019,0,748.6885058,2108.25583,2056.185711,11771.55428,22250.73177
Q53,2017.25,41255.63061,67400.03769,0,0,103.3751883,474.3676108,0,0,0,0,0,0,0,0,482.0089082,2024.229516,9.65860395,37.50509038,1.92858005,7.29914411,0,0,0,0,1659.278096,5693.823156,101.7724863,310.4558848,15.95323036,48.18396399,6.30620836,18.53972627,65.77760506,184.3330403,1808.24439,5221.85156,150.9934722,400.4329394,23.97100387,63.15385024,15.11094329,37.16381062,247.7268838,575.8450554,690.0506229,1861.200525,180.4328793,464.8440979,106.3979755,270.1472043,195.4244944,425.2794693,1797.622372,3689.194037,35406.47537,11627.39233,0,761.4253964,2145.421482,2091.500515,11963.03282,22622.64487
Q54,2017.5,41405.45943,67599.84605,0,0,102.6709663,472.646116,0,0,0,0,0,0,0,0,478.5888304,2016.16287,9.58591274,37.33802052,1.91396526,7.2661699,0,0,0,0,1647.509801,5672.211238,98.70406238,303.1366202,15.44029587,46.95719688,6.38509832,18.81582367,71.52627065,200.368412,1795.053339,5206.201282,147.4899432,393.477381,23.39056664,61.99177081,15.23813814,37.54832546,254.9355814,593.5120279,684.8229049,1856.220809,178.6234136,462.674706,105.3347819,268.890127,195.6538174,427.0603855,1807.335549,3719.550223,35983.89454,11822.09963,0,774.0988069,2182.407734,2126.661532,12153.77287,22993.14682
Q55,2017.75,41556.17316,67803.51623,0,0,101.9907784,470.9855873,0,0,0,0,0,0,0,0,475.269033,2008.302415,9.51479367,37.17309296,1.89963604,7.23350639,0,0,0,0,1635.951999,5650.598883,95.95609249,296.633026,14.98304536,45.87241229,6.4701504,19.10468374,77.03824081,215.7217174,1782.099787,5190.236824,144.1711597,386.8687578,22.8420957,60.89097848,15.36259746,37.922802,261.8536362,610.5006688,679.6984916,1851.104969,176.8672119,460.5194081,104.3028629,267.6409252,195.8577648,428.757812,1816.528642,3748.81323,36558.99774,12016.1914,0,786.7103511,2219.215441,2161.668352,12343.7712,23362.23907
Q56,2018,41707.76306,68010.96261,0,0,101.3334711,469.3833227,0,0,0,0,0,0,0,0,472.0492906,2000.657516,9.44531544,37.0107391,1.88560979,7.20124661,0,0,0,0,1624.607903,5629.033336,93.4895287,290.8395393,14.57440963,44.91053714,6.56021925,19.40329063,82.33649619,230.4567061,1769.377638,5173.987622,141.0345751,380.6111455,22.32497987,59.85166833,15.48470568,38.2884705,268.4958623,626.8428942,674.6734632,1845.860393,175.1635045,458.3826566,103.3018102,266.4023755,196.0375157,430.3747522,1825.219729,3777.004053,37131.86477,12209.69561,0,799.2617162,2255.845744,2196.520672,12533.02482,23729.92413
Q57,2018.25,41860.22395,68222.11554,0,0,100.6958316,467.827423,0,0,0,0,0,0,0,0,468.9278368,1993.230437,9.25404225,36.38119525,1.43354716,5.50702332,0.28909005,1.10456245,0.30389374,1.1454959,1613.480471,5607.559284,91.25348905,285.6010274,14.16965598,43.90919921,6.66907288,19.76541994,87.45156219,244.6684004,1756.881576,5157.483657,138.0752423,374.7004874,21.83758661,58.87026468,15.60495446,38.64701387,274.8767714,642.5705825,669.7442217,1840.494807,173.5113783,456.2681348,102.3311507,265.1768401,196.1942552,431.9142586,1833.426485,3804.144474,37702.55683,12402.63776,0,811.7546236,2292.300063,2231.218305,12721.53104,24096.20507
Q58,2018.5,42013.55346,68436.91942,0,0,100.0754623,466.3081693,0,0,0,0,0,0,0,0,465.8998923,1986.009488,8.96627835,35.38965725,1.25766866,4.86424728,0.31383882,1.20478837,0.78103978,2.93176756,1602.571864,5586.216563,89.17209957,280.6664463,13.78572544,42.94053854,6.7681217,20.08387692,92.40274576,258.4120447,1744.606972,5140.755191,135.2837328,369.1164812,21.37755594,57.94062916,15.72313878,38.99755311,281.0102831,657.71452,664.9074821,1835.01625,171.9096676,454.178397,101.390262,263.9660003,196.3291152,433.3792448,1841.16619,3830.256967,38271.11903,12595.03702,0,824.1907466,2328.580069,2265.761189,12909.28757,24461.08489
Q59,2018.75,42167.74513,68655.30136,0,0,99.47365915,464.8326669,0,0,0,0,0,0,0,0,462.9618584,1978.987059,8.7026832,34.49383995,1.17986506,4.58923981,0.31371062,1.20912087,1.2335727,4.61105776,1591.883262,5565.03934,87.23038035,276.0138393,13.44612341,42.09746413,6.86118342,20.37362342,97.18217952,271.643504,1732.549768,5123.832392,132.6493232,363.8346985,20.94453264,57.06419124,15.8390549,39.33925554,286.9087899,672.3009388,660.1602602,1829.433037,170.356901,452.1147086,100.4784098,262.7710295,196.4431208,434.7723245,1848.455705,3855.364466,38837.61861,12786.91306,0,836.5716707,2364.687649,2300.149395,13096.2925,24824.5685
Q60,2019,42322.79273,68877.18818,0,0,98.89057764,463.4040862,0,0,0,0,0,0,0,0,460.1115258,1972.161765,8.48284661,33.76340994,1.1347275,4.43514683,0.31597693,1.22111864,1.66021032,6.17913641,1581.41529,5544.058071,85.42832038,271.671424,13.14270584,41.3532317,6.95513074,20.66118986,101.7992774,284.3856025,1720.706386,5106.745051,130.1629027,358.8370619,20.53738614,56.23940522,15.9530374,39.67335352,292.5842857,686.3557485,655.499853,1823.753709,168.8514595,450.0776654,99.59474656,261.5926116,196.5372184,436.0959232,1855.311434,3879.490163,39402.12381,12978.28757,0,848.8989439,2400.624878,2334.383123,13282.54436,25186.66168
Q61,2019.25,42478.69068,69102.50901,0,0,98.32572467,462.0227397,0,0,0,0,0,0,0,0,457.3469596,1965.533843,8.30299791,33.1811025,1.10333631,4.33139066,0.32113878,1.24301147,2.06879362,7.66606476,1571.168212,5523.300589,83.76252063,267.6495216,12.86805821,40.68404846,7.05089374,20.95073418,106.2671438,296.6764435,1709.073656,5089.522422,127.816405,354.1092111,20.1545379,55.46304894,16.06527428,40.00056484,298.0484241,699.9047132,650.9238209,1817.986976,167.3916771,448.0675619,98.73833375,260.4310198,196.6122685,437.3522618,1861.749305,3902.657349,39964.70068,13169.18272,0,861.1741033,2436.393995,2368.462708,13468.04216,25547.37075
Q62,2019.5,42635.43401,69331.19573,0,0,97.77839319,460.6876792,0,0,0,0,0,0,0,0,454.6660943,1959.103078,8.15543699,32.7163173,1.0793949,4.25461107,0.32806747,1.270747,2.4641283,9.09053235,1561.141958,5502.792411,82.22612936,263.9419043,12.61766164,40.07659009,7.14807968,21.24140852,110.5975587,308.5505396,1697.648765,5072.193113,125.602292,349.6383061,19.7944319,54.73194277,16.17582875,40.321178,303.3122566,712.9724598,646.4299666,1812.141665,165.9758817,446.0845201,97.90818747,259.2862925,196.6690461,438.5433584,1867.784745,3924.889255,40525.41277,13359.62036,0,873.398677,2471.99739,2402.388621,13652.78544,25906.7025
Q63,2019.75,42793.01832,69563.18291,0,0,97.24783648,459.3974867,0,0,0,0,0,0,0,0,452.0666583,1952.868186,8.03305336,32.34161778,1.06029214,4.19512582,0.33606485,1.30180296,2.84903489,10.46376548,1551.336105,5482.556751,80.8104928,260.532944,12.38861366,39.52306841,7.24625134,21.53211674,114.8006742,320.0375477,1686.429201,5054.784997,123.5133486,345.412112,19.45564593,54.04331429,16.28472745,40.63536388,308.3861679,725.5822099,642.0163172,1806.226669,164.6024166,444.1285512,97.10331549,258.1583515,196.7082567,439.6710784,1873.432658,3946.208929,41084.32116,13549.62164,0,885.5741784,2507.43759,2436.161461,13836.77425,26264.66419
Q64,2020,42951.43971,69798.40779,0,0,96.73332698,458.1506172,0,0,0,0,0,0,0,0,449.5462149,1946.826808,7.93012009,32.03532708,1.04464558,4.14780813,0.34474595,1.33479941,3.22532598,11.79316531,1541.749856,5462.614466,79.5062883,257.4024333,12.17874324,39.01798977,7.34509146,21.82213256,118.8853932,331.1635073,1675.412707,5037.325122,121.5426094,341.4186627,19.136876,53.39471163,16.39199406,40.94329052,313.279904,737.755847,637.6811026,1800.250901,163.2696568,442.199597,96.32273638,257.0470633,196.7305509,440.7371829,1878.707422,3966.639152,41641.48456,13739.20701,0,897.7020987,2542.717242,2469.781962,14020.00918,26621.26356
Q65,2020.25,43110.69476,70036.8101,0,0,96.23417577,456.9455409,0,0,0,0,0,0,0,0,447.1022181,1940.975696,7.84221024,31.78095465,1.031576,4.10941791,0.35388319,1.36892363,3.59425744,13.08399897,1532.382031,5442.984048,78.30415955,254.528351,11.98621555,38.55677254,7.44436821,22.11097553,122.8596561,341.9517481,1664.597231,5019.839632,119.6833409,337.646141,18.8369048,52.78387472,16.497652,41.24513613,318.0026213,749.5140404,633.4227372,1794.223242,161.9760191,440.2975529,95.56548975,255.9522646,196.7365385,441.7433623,1883.622893,3986.20239,42196.95944,13928.39613,0,909.7838997,2577.839099,2503.250983,14202.4914,26976.50884
Q66,2020.5,43270.78051,70278.33193,0,0,95.7497349,455.7808016,0,0,0,0,0,0,0,0,444.7320689,1935.310955,7.76594648,31.56611186,1.02046687,4.07770435,0.36332651,1.40365307,3.95673888,14.34019138,1523.231076,5423.681651,77.19506105,251.8884359,11.80938458,38.13526696,7.54389287,22.39827621,126.7306043,352.4233695,1653.980882,5002.35369,117.9290361,334.0828545,18.55458021,52.2086555,16.60172535,41.54107513,322.562926,760.876333,629.239801,1788.152508,160.7199706,438.4222842,94.83064312,254.8737763,196.7267945,442.691257,1888.192411,4004.920763,42750.80024,14117.2079,0,921.8210092,2612.806007,2536.569507,14384.22263,27330.40877
Q67,2020.75,43431.69435,70522.91765,0,0,95.27939745,454.6550346,0,0,0,0,0,0,0,0,442.4331619,1929.828251,7.69876367,31.38152808,1.01086628,4.05103873,0.37297069,1.43863023,4.31344059,15.56474702,1514.295077,5404.721168,76.17044599,249.4610907,11.64674291,37.74962093,7.64349928,22.68371136,130.5046777,362.5975098,1643.561893,4984.891405,116.2734197,330.7172598,18.28880304,51.66697638,16.70423374,41.83126813,326.9689056,771.8612049,625.1310211,1782.047401,159.5000316,436.5736345,94.1172941,253.8114084,196.7018669,443.5824647,1892.428815,4022.816032,43303.05947,14305.66057,0,933.8148181,2647.620884,2569.738639,14565.20519,27682.97257
Q68,2021,43593.43408,70770.51372,0,0,94.82259511,453.5669738,0,0,0,0,0,0,0,0,440.2029201,1924.522994,7.63871441,31.22027158,1.00243664,4.02822061,0.38273895,1.47360218,4.66486195,16.76001012,1505.571783,5386.114344,75.22236035,247.2258957,11.49690751,37.39625915,7.74303688,22.96698232,134.1876858,372.4915229,1633.338582,4967.475781,114.7104569,327.5380107,18.03852392,51.1568199,16.80519283,42.11585681,331.2281556,782.4861171,621.0952543,1775.916477,158.3147799,434.7514313,93.42457357,252.7649651,196.6622787,444.4185484,1896.344459,4039.909587,43853.78786,14493.77171,0,945.7666773,2682.286712,2602.759599,14745.44194,28034.20997
Q69,2021.25,43755.99782,71021.06863,0,0,94.37879671,452.515447,0,0,0,0,0,0,0,0,438.0388202,1919.390478,7.58431965,31.07715582,0.99492386,4.00835978,0.39257457,1.50838887,5.01137623,17.92783792,1497.058639,5367.870914,74.34348035,245.1638822,11.35861319,37.07188913,7.84236677,23.24781082,137.7848643,382.1211333,1623.309322,4950.128665,113.2343626,324.5340177,17.80274036,50.67622697,16.90461316,42.39496283,335.3478063,792.7675464,617.1314695,1769.768108,157.1628512,432.9554929,92.75164611,251.7342471,196.608532,445.2010382,1899.95123,4056.222441,44403.03447,14681.55831,0,957.6778977,2716.806519,2635.633715,14924.93633,28384.13122
Q70,2021.5,43919.38402,71274.53275,0,0,93.9475042,451.4993708,0,0,0,0,0,0,0,0,435.9384138,1914.425988,7.53445406,30.94829545,0.98813577,3.99079188,0.40243443,1.54286031,5.35326251,19.06972864,1488.752812,5349.998757,73.52711928,243.2576513,11.23071043,36.77350486,7.94136252,23.52594082,141.3009298,391.5005774,1613.472514,4932.870722,111.8396109,321.6945084,17.58049847,50.22330436,17.00250102,42.66868819,339.3345413,802.7210217,613.2387326,1763.610451,156.0429392,431.1856306,92.09771146,250.7190538,196.5411101,445.9314331,1903.260562,4071.775227,44950.84687,14869.03676,0,969.5497504,2751.18337,2668.362421,15103.69238,28732.74707
Q71,2021.75,44083.59141,71530.85823,0,0,93.5282523,450.5177455,0,0,0,0,0,0,0,0,433.8993387,1909.624879,7.48825931,30.83077421,0.98192654,3.97502099,0.41228603,1.57692477,5.69073085,20.18690879,1480.651228,5332.504056,72.76720895,241.4913974,11.11215888,36.49838515,8.03990823,23.80114136,144.7401286,400.642742,1603.82656,4915.721409,110.5209402,319.0090826,17.37089295,49.79623106,17.09885953,42.93711951,343.1946236,812.3611589,609.4161911,1757.451422,154.9537982,429.4416554,91.46200496,249.7191876,196.4604792,446.6112035,1906.283456,4086.588199,45497.27119,15056.22296,0,981.383466,2785.420352,2700.947247,15281.71464,29080.06874
Q72,2022,44248.61897,71789.99893,0,0,93.12060503,449.5696474,0,0,0,0,0,0,0,0,431.9193296,1904.982635,7.44507946,30.72239885,0.97618551,3.96067543,0.42210528,1.61051784,6.0239374,21.28040267,1472.750606,5315.391458,72.05826976,239.8508646,11.00202127,36.2440816,8.13790116,24.07320786,148.1062832,409.5592967,1594.369852,4898.698968,109.2733609,316.4677605,17.1730663,49.39326524,17.19368884,43.20032991,346.9339172,821.7017023,605.6630601,1751.298666,153.894241,427.723381,90.84379693,248.7344555,196.3670906,447.2417917,1909.030497,4100.681226,46042.35223,15243.13231,0,993.1802371,2819.520566,2733.389818,15459.00819,29426.10797
Q73,2022.25,44414.46595,72051.91032,0,0,92.72415412,448.6542221,0,0,0,0,0,0,0,0,429.9962222,1900.494903,7.40441073,30.6215147,0.97082758,3.94747624,0.43187304,1.64359489,6.3530007,22.35108136,1465.047488,5298.664234,71.39537295,238.3232697,10.89945708,36.00840448,8.23524839,24.34196354,151.4028376,418.2608182,1585.100748,4881.820431,108.0921546,314.061021,16.98620988,49.01274931,17.28698758,43.45838273,350.5579091,830.7555623,601.9786109,1745.159542,152.8631376,426.0306275,90.24239344,247.7646716,196.261382,447.8246144,1911.511872,4114.073801,46586.13358,15429.77976,0,1004.941219,2853.487118,2765.691839,15635.57866,29770.87695
Q74,2022.5,44581.13178,72316.54938,0,0,92.33851694,447.7706795,0,0,0,0,0,0,0,0,428.1279559,1896.157522,7.36586504,30.52686943,0.96578872,3.93521408,0.44157545,1.67612621,6.6780098,23.39969865,1457.538272,5282.324433,70.77409717,236.8971982,10.80371436,35.78940316,8.33186939,24.60725742,154.6328955,426.7569073,1576.017564,4865.101626,106.9728749,311.7798265,16.809564,48.65311511,17.37875378,43.71133315,354.0717314,839.5348603,598.3621576,1739.041099,151.8594172,424.3632253,89.6571344,246.8096595,196.1437781,448.3610636,1913.737386,4126.785037,47128.65771,15616.17983,0,1016.667532,2887.323107,2797.8551,15811.43215,30114.38836
Q75,2022.75,44748.61613,72583.87455,0,0,91.96333533,446.9182874,0,0,0,0,0,0,0,0,426.3125743,1891.966533,7.32914131,30.43751149,0.96101843,3.92372964,0.45120146,1.70809316,6.99903284,24.42691998,1450.219243,5266.373024,70.19048613,235.5624938,10.71412138,35.58534553,8.42769215,24.8689644,157.7992591,435.0562955,1567.118564,4848.557202,105.9113441,309.6156416,16.64241574,48.31288516,17.46898413,43.95923233,357.4801838,848.0509731,594.8130492,1732.950068,150.8820631,422.7210181,89.0873955,245.8692544,196.0146936,448.8525088,1915.716482,4138.833679,47669.96601,15802.34667,0,1028.360261,2921.031624,2829.881456,15986.57524,30456.65529
Q76,2023,44916.91885,72853.84565,0,0,91.59827249,446.0963654,0,0,0,0,0,0,0,0,424.5482243,1887.91819,7.29400544,30.35271402,0.95647844,3.91290299,0.46074301,1.73948565,7.31612093,25.43334122,1443.086601,5250.810031,69.64100635,234.310144,10.63007945,35.39469923,8.52265494,25.12698219,160.9044614,443.1669416,1558.401954,4832.200655,104.9036477,307.5604407,16.48409846,47.9906735,17.55767624,44.20212784,360.7877539,856.3145746,591.3306574,1726.892846,149.9301141,421.1038628,88.53258493,244.9433039,195.8745323,449.3002976,1917.458253,4150.238101,48210.09889,15988.29404,0,1040.02046,2954.615741,2861.772833,16161.01499,30797.69129
Q77,2023.25,45086.03992,73126.42382,0,0,91.24301289,445.3042822,0,0,0,0,0,0,0,0,422.8331531,1884.008956,7.26027328,30.27191897,0.9521387,3.90264227,0.47019364,1.77029865,7.62931471,26.41950554,1436.136483,5235.634656,69.12250525,233.1321669,10.55105707,35.21610916,8.61670404,25.38123103,163.9507966,451.0961206,1549.865876,4816.044361,103.9461262,305.6067071,16.33399113,47.68518548,17.64482859,44.4400652,363.9986385,864.3356824,587.9143714,1720.875489,149.0026606,419.5116338,87.99214314,244.0316694,195.7236893,449.7057567,1918.971465,4161.016319,48749.09583,16174.03536,0,1051.649152,2988.078507,2893.531213,16334.75887,31137.51031
Q78,2023.5,45255.97953,73401.57144,0,0,90.89725959,444.5414479,0,0,0,0,0,0,0,0,421.165705,1880.235502,7.2277988,30.19469456,0.94797558,3.89287695,0.47954807,1.80053195,7.93864588,27.3859142,1429.364992,5220.845398,68.63217274,232.0215041,10.47658041,35.04838086,8.70979359,25.63165005,166.940348,458.8505003,1541.508408,4800.099618,103.0353677,303.7474268,16.19151558,47.39521586,17.73044003,44.67309059,367.1167637,872.1236995,584.5635893,1714.903711,148.098844,417.9442209,87.46554252,243.1342266,195.5625511,450.0701938,1920.264564,4171.185995,49286.99548,16359.58373,0,1063.247332,3021.422944,2925.158632,16507.81475,31476.12669
Q79,2023.75,45426.73797,73679.25213,0,0,90.56073362,443.8073135,0,0,0,0,0,0,0,0,419.5443183,1876.594696,7.19646618,30.12070461,0.94397094,3.88355321,0.48880298,1.83018838,8.24414047,28.33303444,1422.768213,5206.440147,68.16750546,230.9719215,10.40622901,34.8904615,8.80188547,25.8781955,169.8750118,466.4362134,1533.327563,4784.376683,102.1681971,301.976077,16.05613494,47.11964661,17.81451031,44.90125056,370.1458033,879.6874566,581.2777125,1708.982879,147.2178533,416.4015304,86.95228547,242.2508656,195.3914966,450.394898,1921.345699,4180.764444,49823.83563,16544.95197,0,1074.815968,3054.652041,2956.657172,16680.19089,31813.55514
Q80,2024,45598.31566,73959.43061,0,0,90.23317195,443.1013633,0,0,0,0,0,0,0,0,417.9675193,1873.083599,7.1661807,30.04968486,0.94010954,3.87462874,0.49795524,1.8592736,8.54582007,29.26130773,1416.342234,5192.416286,67.72627374,229.9779144,10.33962927,34.74142403,8.89294638,26.12083991,172.7565187,473.8589172,1525.321289,4768.884823,101.3416654,300.2866078,15.92735113,46.85744342,17.89704133,45.12459324,373.0891979,887.0352534,578.0561416,1703.118013,146.3589242,414.8834838,86.45190274,241.3814894,195.2108973,450.6811403,1922.222733,4189.768644,50359.65336,16730.15258,0,1086.356002,3087.768755,2988.028956,16851.89592,32149.81072
Q81,2024.25,45770.71317,74242.07275,0,0,89.9143269,442.4231143,0,0,0,0,0,0,0,0,416.433919,1869.699452,7.13686624,29.98142526,0.9363796,3.86607014,0.5070029,1.88779404,8.84370336,30.17115272,1410.083163,5178.770768,67.30649173,229.0346269,10.27644939,34.60045279,8.98294943,26.35956865,175.586453,481.1238503,1517.487475,4753.632359,100.553038,298.6734248,15.80470487,46.60765132,17.97803597,45.34316828,375.9501709,894.1748964,574.8982707,1697.313794,145.5213348,413.3900177,85.96395234,240.5260157,195.0211182,450.9301734,1922.903257,4198.21524,50894.48502,16915.19782,0,1097.868353,3120.776005,3019.276143,17022.93876,32484.90882
Q82,2024.5,45943.93112,74527.14546,0,0,89.60396451,441.7721113,0,0,0,0,0,0,0,0,414.9422082,1866.439661,7.10845925,29.91575766,0.9327713,3.85785172,0.51594381,1.91575831,9.13780696,31.06297045,1403.987143,5165.500194,66.90638986,228.1377733,10.216395,34.46682974,9.07187264,26.59437962,178.3662708,488.2358801,1509.82395,4738.626716,99.79978339,297.1313643,15.68777015,46.36939189,18.05749825,45.55702864,378.7317458,901.1137364,571.8034853,1691.574563,144.7044046,411.9210802,85.48801866,239.6843733,194.8225174,451.1432341,1923.394602,4206.120555,51428.36627,17100.09969,0,1109.353916,3153.67667,3050.400922,17193.32866,32818.86513
Q83,2024.75,46117.97029,74814.61669,0,0,89.30186362,441.1479248,0,0,0,0,0,0,0,0,413.4911524,1863.301792,7.08090724,29.85254493,0.9292769,3.84995232,0.52477722,1.94317481,9.42814716,31.9371464,1398.050363,5152.600875,66.52439149,227.2835716,10.15920349,34.33992302,9.15969806,26.82528032,181.0973132,495.1995448,1502.328489,4723.874476,99.07956,295.6556724,15.57615492,46.14185778,18.13543457,45.76622874,381.4367607,907.8587032,568.7711592,1685.904334,143.9074914,410.4766324,85.02370999,238.8565035,194.6154471,451.3215397,1923.703855,4213.500598,51961.33216,17284.86995,0,1120.813568,3186.47359,3081.405507,17363.07513,33151.69563
Q84,2025,46292.83149,75104.45534,0,0,89.00781526,440.5501481,0,0,0,0,0,0,0,0,412.0795875,1860.283555,7.05416497,29.79167478,0.92588977,3.84235482,0.53350176,1.9700534,9.71473893,32.79405291,1392.26907,5140.068893,66.15908968,226.4686828,10.10464215,34.21917674,9.24641237,27.05228791,183.7808211,502.0190916,1494.998819,4709.381423,98.39020609,294.2419789,15.46949793,45.92430855,18.21185231,45.97082644,384.0678834,914.4163377,565.8006537,1680.306796,143.1299892,409.056643,84.57065739,238.0423556,194.4002534,451.466292,1923.837869,4220.371066,52493.41711,17469.52014,0,1132.248164,3219.169561,3112.292132,17532.18793,33483.41655
Q85,2025.25,46468.51564,75396.6313,0,0,88.72162123,439.9783948,0,0,0,0,0,0,0,0,410.7064147,1857.382795,7.02819413,29.73305325,0.92260356,3.83504534,0.54211693,1.99640366,9.99759781,33.63405018,1386.639575,5127.900149,65.8092294,225.6901563,10.05250366,34.10410045,9.33200473,27.27542713,186.4179466,508.6985089,1487.832622,4695.152596,97.72972633,292.8862734,15.36746636,45.71606677,18.28676042,46.17088201,386.6276236,920.7928222,562.8913149,1674.785329,142.3713255,407.6610883,84.1285136,237.2418892,194.1772764,451.5786741,1923.803272,4226.74736,53024.65499,17654.06157,0,1143.658542,3251.767339,3143.063048,17700.67706,33814.04435
Q86,2025.5,46645.02375,75691.11536,0,0,88.44309344,439.4322965,0,0,0,0,0,0,0,0,409.3705969,1854.597477,7.00296166,29.67660079,0.91941418,3.82801257,0.55062242,2.02223603,10.27673875,34.45748937,1381.158267,5116.090406,65.47368776,224.9453842,10.00260321,33.9942622,9.41646752,27.49472893,189.0097632,515.2415559,1480.827545,4681.192334,97.09628152,291.5848802,15.2697538,45.51651281,18.3601694,46.36645798,389.1183458,926.9940103,560.0424735,1669.343011,141.6309589,406.2899505,83.69695123,236.4550706,193.94685,451.6598519,1923.606482,4232.644582,53555.0791,17838.50537,0,1155.04552,3284.269636,3173.720517,17868.5527,34143.59573
Q87,2025.75,46822.35685,75987.8792,0,0,88.17205294,438.9115014,0,0,0,0,0,0,0,0,408.0711539,1851.925681,6.97843774,29.62224966,0.91631712,3.82124647,0.55901774,2.0475607,10.55217861,35.26471172,1375.821612,5104.635332,65.15146215,224.232057,9.9547759,33.88928157,9.49979637,27.71023048,191.5572749,521.6517864,1473.981198,4667.50433,96.48817664,290.3344346,15.17607923,45.32508052,18.43209074,46.55762026,391.542282,933.0254509,557.2534445,1663.982631,140.9083771,404.9432143,83.27566094,235.6818719,193.7093028,451.710973,1923.253713,4238.077548,54084.72224,18022.86245,0,1166.409902,3316.679121,3204.266809,18035.8252,34472.08755
Q88,2026,47000.51607,76286.89537,0,0,87.90832982,438.4156721,0,0,0,0,0,0,0,0,406.8071588,1849.365586,6.95459705,29.56994111,0.91330867,3.81473848,0.56730289,2.07238803,10.82393303,36.05605021,1370.626162,5093.530525,64.84165259,223.548129,9.90887435,33.78882121,9.5819886,27.92197305,194.0614241,527.9325713,1467.291171,4654.091669,95.90385153,289.1318596,15.08618367,45.14125393,18.50253741,46.74443566,393.90154,938.8924142,554.5235287,1658.706703,140.2030949,403.6208657,82.86435111,234.9222691,193.4649572,451.7331669,1922.750986,4243.06079,54613.61668,18207.14355,0,1177.752476,3348.998419,3234.704201,18202.5051,34799.53685
Q89,2026.25,47179.50258,76588.13724,0,0,87.65176157,437.9444841,0,0,0,0,0,0,0,0,405.5777333,1846.915465,6.93141605,29.51962312,0.91038547,3.80848194,0.57547784,2.09672801,11.09201958,36.83183018,1365.568558,5082.771546,64.54345297,222.891784,9.86476739,33.69258387,9.66304382,28.13000247,196.5230998,534.087119,1460.755027,4640.95688,95.34186928,287.9743429,14.99983055,44.96456223,18.57152357,46.92697412,396.1981152,944.599913,551.8520103,1653.517475,139.5146516,402.3228908,82.46274582,234.1762424,193.21413,451.7275434,1922.104138,4247.608565,55141.79425,18391.35922,0,1189.074016,3381.230113,3265.034967,18368.60303,35125.96082
Q90,2026.5,47359.31761,76891.57902,0,0,87.4021937,437.4976245,0,0,0,0,0,0,0,0,404.3820455,1844.573677,6.90887384,29.47124965,0.9075449,3.8024701,0.58354277,2.12059136,11.35645693,37.59237019,1360.645532,5072.35394,64.25613883,222.261408,9.82233715,33.60030565,9.74296338,28.33436785,198.9431414,540.1184896,1454.37032,4628.101974,94.80090789,286.8593165,14.91680116,44.79457759,18.63906452,47.10530726,398.4338982,950.1527237,549.2381605,1648.416945,138.8426103,401.0492732,82.07058395,233.443773,192.9571318,451.6951947,1921.318829,4251.734855,55669.28627,18575.51985,0,1200.375279,3413.376742,3295.261383,18534.12974,35451.37677
Q91,2026.75,47539.96243,77197.19568,0,0,87.15947796,437.0747909,0,0,0,0,0,0,0,0,403.2193059,1842.338653,6.88695149,29.42477994,0.9047842,3.79669779,0.59149805,2.14398819,11.61726341,38.33798128,1355.85391,5062.273259,63.97905781,221.6555649,9.7814776,33.5117527,9.82175024,28.53512074,201.3223473,546.0296131,1448.134591,4615.528485,94.27975054,285.7844352,14.8368957,44.63090892,18.70517688,47.27950782,400.6106842,955.5554048,546.6812367,1643.406874,138.1865542,399.7999934,81.68761768,232.7248435,192.6942676,451.6371922,1920.400549,4255.453377,56196.12366,18759.63565,0,1211.657011,3445.440806,3325.38572,18699.0961,35775.80212
Q92,2027,47721.43835,77504.96298,0,0,86.92347293,436.6756904,0,0,0,0,0,0,0,0,402.0887637,1840.208897,6.86563104,29.38017557,0.90210056,3.79115951,0.59934387,2.16692845,11.87445937,39.06896924,1351.190611,5052.525074,63.71162314,221.0729721,9.74209402,33.4267169,9.89940871,28.73231566,203.6614766,551.8232996,1442.045379,4603.237512,93.77727805,284.7475592,14.75993072,44.47320129,18.76987702,47.44965109,402.73018,960.8123139,544.1804846,1638.488801,137.5460869,398.5750269,81.31361178,232.0194362,192.4258363,451.5545888,1919.354629,4258.777582,56722.33687,18943.71668,0,1222.919947,3477.42476,3355.41024,18863.51302,36099.25437
Q93,2027.25,47903.74675,77814.85742,0,0,86.69404253,436.3000379,0,0,0,0,0,0,0,0,400.9897049,1838.182973,6.84489661,29.33740272,0.89949262,3.78585098,0.60708049,2.18942257,12.12806564,39.78563276,1346.652648,5043.104989,63.45330333,220.5124849,9.70410123,33.34501362,9.97594416,28.92600826,205.9612557,557.5022514,1436.100226,4591.229753,93.2924596,283.7467351,14.68573724,44.32113149,18.83318318,47.61581241,404.7940115,965.9276251,541.7351389,1633.664049,136.9208297,397.3743432,80.94834277,231.3275327,192.1521308,451.4484166,1918.18624,4261.720661,57247.95596,19127.77285,0,1234.164807,3509.33102,3385.337199,19027.39149,36421.75111
Q94,2027.5,48086.88901,78126.85623,0,0,86.47105689,435.9475563,0,0,0,0,0,0,0,0,399.9214493,1836.2595,6.82473287,29.29642897,0.89695784,3.78076786,0.61470882,2.21147966,12.37810461,40.48826578,1342.237129,5034.008655,63.20361866,219.9730768,9.66742151,33.26647733,10.05136336,29.11625598,208.2223805,563.0690731,1430.296677,4579.505541,92.82434707,282.7801802,14.61416051,44.17440511,18.89511413,47.77806896,406.8037293,970.90534,539.3444252,1628.93375,136.3104211,396.1979061,80.59159729,230.6491122,191.8734383,451.3196877,1916.900407,4264.295552,57773.01057,19311.8139,0,1245.392302,3541.161961,3415.16884,19190.74251,36743.30993
Q95,2027.75,48270.86658,78440.93735,0,0,86.25439083,435.6179751,0,0,0,0,0,0,0,0,398.8833478,1834.43715,6.8051259,29.25722513,0.89449405,3.77590658,0.62222878,2.23311,12.62459847,41.17715573,1337.941256,5025.231778,62.96213426,219.4538278,9.6319856,33.19096079,10.12567358,29.30311785,210.4455207,568.5262811,1424.632292,4568.064874,92.37206662,281.8462661,14.54505823,44.03275395,18.95568912,47.9364986,408.7608155,975.7493034,537.0075611,1624.298848,135.7145142,395.0456708,80.24317235,229.9841517,191.5900394,451.1693941,1915.502011,4266.514935,58297.52994,19495.84945,0,1256.603129,3572.919921,3444.907393,19353.57713,37063.94851
Q96,2028,48455.68091,78757.07941,0,0,86.0439235,435.3110302,0,0,0,0,0,0,0,0,397.8747807,1832.714639,6.78606281,29.21976324,0.8921,3.77126335,0.62964192,2.25432331,12.86757136,41.85258559,1333.762322,5016.770122,62.72845395,218.9539079,9.59773031,33.11833131,10.19888354,29.48665295,212.6313216,573.8763095,1419.104642,4556.907451,91.93481414,280.9435064,14.47829978,43.89593425,19.01492773,48.09117926,410.666688,980.4632145,534.723758,1619.760113,135.1327776,393.9175853,79.90287369,229.3326258,191.3022097,450.9985071,1913.995793,4268.391244,58821.54295,19679.88897,0,1267.797977,3604.607198,3474.555075,19515.90641,37383.68451
Q97,2028.25,48641.3335,79075.26174,0,0,85.8395393,435.026463,0,0,0,0,0,0,0,0,396.8951544,1831.090724,6.76753085,29.18401696,0.88977368,3.76683488,0.63694791,2.27512864,13.10704805,42.51483247,1329.697711,5008.619519,62.50221876,218.4725705,9.56459845,33.04847037,10.27100202,29.66692171,214.7804079,579.121518,1413.711321,4546.032693,91.5118475,280.0705424,14.41376475,43.76372379,19.07285066,48.24219053,412.5227063,985.050637,532.4922224,1615.318159,134.5648916,392.8135888,79.57051521,228.6945048,191.0102173,450.8079772,1912.386361,4269.936665,59345.0781,19863.94178,0,1278.977523,3636.226051,3504.114084,19677.74139,37702.53559
Q98,2028.5,48827.8259,79395.46431,0,0,85.6411266,434.7640206,0,0,0,0,0,0,0,0,395.9439011,1829.564202,6.7495183,29.14996165,0.88751398,3.76261811,0.64414831,2.29553544,13.34305393,43.16416902,1325.744896,5000.775872,62.28309981,218.0091386,9.53253805,32.98127067,10.34203881,29.84398455,216.8933849,584.2641978,1408.449943,4535.439779,91.10248239,279.2261308,14.35134303,43.63591996,19.12947885,48.38961125,414.3301761,989.5150099,530.3121576,1610.97345,134.0105502,391.7336125,79.24591868,228.0697563,190.7143256,450.5987345,1910.678196,4271.163137,59868.1635,20048.01708,0,1290.142438,3667.778706,3533.586605,19839.09311,38020.51942
Q99,2028.75,49015.15965,79717.66774,0,0,85.44857679,434.5234539,0,0,0,0,0,0,0,0,395.0204759,1828.133901,6.73201431,29.11757299,0.88531912,3.75861008,0.65124327,2.31555307,13.575616,43.80086302,1321.901435,4993.235154,62.07079749,217.5629992,9.50150189,32.91663571,10.41200393,30.01790238,218.9708404,589.3065762,1403.318151,4525.12766,90.70608758,278.4091342,14.29093215,43.51233734,19.1848327,48.53352075,416.0903521,993.859655,528.1827654,1606.726311,133.4694573,390.6775781,78.92891324,227.458343,190.4147913,450.3716887,1908.875652,4272.08236,60390.82694,20232.12395,0,1301.293378,3699.26735,3562.974802,19999.97258,38337.65364
Q100,2029,49203.33634,80041.85329,0,0,85.2617863,434.3045198,0,0,0,0,0,0,0,0,394.1243558,1826.798682,6.71500849,29.08682897,0.88318777,3.75480778,0.65823377,2.33519017,13.80476109,44.42517694,1318.164973,4985.993414,61.86503631,217.1335939,9.47144619,32.85447799,10.48090801,30.18873617,221.0133472,594.2508218,1398.313613,4515.095092,90.32207949,277.61851,14.23243847,43.39280734,19.23893412,48.67399822,417.8044425,998.0877856,526.1032472,1602.576943,132.941329,389.6453991,78.61933435,226.8602235,190.1118652,450.127728,1906.982963,4272.705794,60913.09584,20416.27131,0,1312.430993,3730.694138,3592.280819,20160.39077,38653.95582
Q101,2029.25,49392.35758,80368.00284,0,0,85.08065406,434.1069776,0,0,0,0,0,0,0,0,393.2550371,1825.557433,6.69849008,29.05770761,0.88111847,3.7512087,0.66512107,2.35445589,14.03051773,45.03736954,1314.533235,4979.046777,61.6655643,216.720414,9.44233181,32.79471786,10.54876254,30.35654678,223.0214643,599.0990482,1393.434032,4505.340652,89.94991849,276.8533016,14.17577579,43.27717532,19.29180455,48.81112334,419.4736131,1002.202514,524.0728057,1598.525431,132.42589,388.6369802,78.31702334,226.2753528,189.8057928,449.8677206,1905.004247,4273.04466,61434.9973,20600.46801,0,1323.555924,3762.061189,3621.506781,20320.35862,38969.44352
Q102,2029.5,49582.22502,80696.09888,0,0,84.90508257,433.9305923,0,0,0,0,0,0,0,0,392.4120362,1824.40907,6.68245066,29.03018757,0.87911033,3.74780972,0.67190535,2.37335858,14.25291483,45.63769443,1311.004026,4972.391442,61.4721488,216.3229932,9.41412228,32.73728295,10.61557898,30.52139532,224.9957376,603.8533175,1388.677143,4495.862755,89.5891051,276.1126307,14.12086379,43.16530001,19.34346597,48.94497463,421.0989886,1006.206859,522.0906458,1594.571751,131.9228753,387.6522177,78.0218279,225.7036813,189.4968124,449.5925141,1902.94351,4273.109947,61956.55805,20784.72272,0,1334.668804,3793.37059,3650.654793,20479.887,39284.13422
Q103,2029.75,49772.94032,81026.12448,0,0,84.73497748,433.7751318,0,0,0,0,0,0,0,0,391.5948866,1823.35253,6.66688022,29.00424937,0.87716175,3.74460883,0.67858847,2.39190732,14.47198223,46.22640132,1307.575227,4966.023685,61.28457549,215.9409043,9.38678369,32.68210693,10.68136886,30.6833416,226.9367018,608.515644,1384.040719,4486.65968,89.23917683,275.3956883,14.06762847,43.05705167,19.39394027,49.07563074,422.6816572,1010.103747,520.1559765,1590.715785,131.432028,386.6909996,77.73360047,225.1451546,189.1851577,449.3029363,1900.804647,4272.91241,62477.80454,20969.04404,0,1345.770255,3824.624395,3679.726938,20638.98673,39598.04532
Q104,2030,49964.50516,81358.06329,0,0,84.5702474,433.6403674,0,0,0,0,0,0,0,0,390.8031382,1822.386774,6.65177027,28.97987266,0.87527172,3.7416035,0.68517045,2.41011016,14.68775001,46.80373488,1304.244795,4959.939856,61.10264638,215.5737526,9.36028592,32.62912941,10.74614459,30.8424468,228.8448814,613.0879968,1379.522567,4477.729581,88.89970471,274.7017301,14.01600184,42.95231113,19.44324964,49.20317023,424.2226724,1013.896026,518.2680113,1586.957322,130.9530993,385.7532059,77.4521991,224.5997152,188.8710561,448.999794,1898.591447,4272.462575,62998.76286,21153.44042,0,1356.860894,3855.824627,3708.725275,20797.66856,39911.19418
Q105,2030.25,50156.92126,81691.89955,0,0,84.41080357,433.5260749,0,0,0,0,0,0,0,0,390.0363562,1821.510783,6.63711251,28.95703859,0.87343948,3.7387915,0.69165298,2.42797523,14.90024986,47.36993667,1301.010756,4954.136378,60.92617788,215.221175,9.33460011,32.57829434,10.80991808,30.99876976,230.7207909,617.5723021,1375.120538,4469.0705,88.57028919,274.0300683,13.96592051,42.85096888,19.49141601,49.32767067,425.7230542,1017.586462,516.4259709,1583.296076,130.4858491,384.838709,77.17748589,224.0673006,188.554729,448.6838743,1896.307595,4271.77074,63519.45882,21337.92023,0,1367.941327,3886.97328,3737.651845,20955.94315,40223.59802
Q106,2030.5,50350.19035,82027.61802,0,0,84.25656024,433.4320327,0,0,0,0,0,0,0,0,389.294121,1820.723558,6.62289881,28.93572852,0.87166373,3.73617028,0.69803675,2.44551067,15.10951331,47.92524313,1297.871206,4948.609747,60.75499963,214.882834,9.30970004,32.52955015,10.87270207,31.15237026,232.5649367,621.9704456,1370.832519,4460.680389,88.25056059,273.3800674,13.91732537,42.75292401,19.53846169,49.44920906,427.1837937,1021.177748,514.6290821,1579.731683,130.0300437,383.9473748,76.90932811,223.5478449,188.2363933,448.3559448,1893.956677,4270.846979,64039.91789,21522.49172,0,1379.012155,3918.072316,3766.508662,21113.82112,40535.27401
Q107,2030.75,50544.3142,82365.20404,0,0,84.10743345,433.3580224,0,0,0,0,0,0,0,0,388.576026,1820.024118,6.60912151,28.91592432,0.86994313,3.73373782,0.70432296,2.46272497,15.31557282,48.46988747,1294.824308,4943.356531,60.5889528,214.5584166,9.28556137,32.48284933,10.93450944,31.30330739,234.3778164,626.2842739,1366.65644,4452.557116,87.94017345,272.7511382,13.8701624,42.65808345,19.58440898,49.56786179,428.6058528,1024.672507,512.8765802,1576.263717,129.5854569,383.0790613,76.64759698,223.0412779,187.916259,448.0167538,1891.542181,4269.701142,64560.16527,21707.163,0,1390.073969,3949.123669,3795.29772,21271.31296,40846.2392
Q108,2031,50739.29458,82704.64346,0,0,83.96334238,433.3038289,0,0,0,0,0,0,0,0,387.8816783,1819.411499,6.59577272,28.89760877,0.86827747,3.73149158,0.71051251,2.47962531,15.51846162,49.00409804,1291.868286,4938.373366,60.42788934,214.2476302,9.26216093,32.43814769,10.99535306,31.45163913,236.1599215,630.5155978,1362.590274,4444.698477,87.63880608,272.1427339,13.82438011,42.56636073,19.62927951,49.68370399,429.9901666,1028.073297,511.1677099,1572.891691,129.1518694,382.2336211,76.39216702,222.5475269,187.5945315,447.6670301,1889.067498,4268.34286,65080.22584,21891.94213,0,1401.127355,3980.129244,3824.020988,21428.42911,41156.51053
Q109,2031.25,50935.13331,83045.92267,0,0,83.82420802,433.2692413,0,0,0,0,0,0,0,0,387.210697,1818.884753,6.58284569,28.88076397,0.86666493,3.72943011,0.71660674,2.49621988,15.71821284,49.52810016,1289.001429,4933.656956,60.27167143,213.9502013,9.23947808,32.3954039,11.05524571,31.59742363,237.9117347,634.6661923,1358.632036,4437.102212,87.34615819,271.5543458,13.77993196,42.47767631,19.67309594,49.7968114,431.3376454,1031.382611,509.5017244,1569.615064,128.7290673,381.4109008,76.1429175,222.0665146,187.2714106,447.3074836,1886.535932,4266.781546,65600.1242,22076.83703,0,1412.172889,4011.090921,3852.680414,21585.17991,41466.10483
Q110,2031.5,51131.83219,83389.02854,0,0,83.68995423,433.25405,0,0,0,0,0,0,0,0,386.5627127,1818.442949,6.57033312,28.86537347,0.86510508,3.72755085,0.7226066,2.51251586,15.91486082,50.04211487,1286.222081,4929.204071,60.12016866,213.6658737,9.21749264,32.35457931,11.11420058,31.7407172,239.6337338,638.7377994,1354.779784,4429.766008,87.06194897,270.9854996,13.73677346,42.39195594,19.71588011,49.90725753,432.6491763,1034.602882,507.8778887,1566.433252,128.3168444,380.6107414,75.89973117,221.5981614,186.9470908,446.9388056,1883.950691,4265.0264,66119.88466,22261.85553,0,1423.211143,4042.010551,3881.277921,21741.57559,41775.03883
Q111,2031.75,51329.39309,83733.94848,0,0,83.56050596,433.2580499,0,0,0,0,0,0,0,0,385.9373667,1818.085169,6.55822859,28.85142031,0.86359734,3.7258518,0.72851324,2.52852096,16.10844029,50.54635983,1283.528644,4925.011543,59.97326059,213.3944058,9.19618612,32.31563817,11.17223125,31.8815769,241.3263902,642.7321282,1351.031619,4422.687512,86.78591572,270.4357522,13.69486361,42.30913016,19.75765402,50.01511572,433.9256236,1037.736488,506.2954783,1563.345625,127.9149987,379.8329794,75.66249339,221.1423847,186.6217614,446.5616695,1881.314899,4263.086407,66639.53126,22447.00536,0,1434.242679,4072.88996,3909.815411,21897.62629,42083.32911
Q112,2032,51527.81788,84080.67035,0,0,83.43579158,433.2810381,0,0,0,0,0,0,0,0,385.3343117,1817.810512,6.54652566,28.83888857,0.86214036,3.72433105,0.73432824,2.54424191,16.29898622,51.04104847,1280.919573,4921.076271,59.83083202,213.1355698,9.17554112,32.27854607,11.22935062,32.02005846,242.9901697,646.6508568,1347.385686,4415.864336,86.51781172,269.9046887,13.65416373,42.2291349,19.79843914,50.12045833,435.1678304,1040.78575,504.7537803,1560.351517,127.5233353,379.0774466,75.43109404,220.6990993,186.2956071,446.1767301,1878.631595,4260.970344,67159.08775,22632.29415,0,1445.268054,4103.730946,3938.29476,22053.34207,42390.99216
Q113,2032.25,51727.10844,84429.18252,0,0,83.31573977,433.3228156,0,0,0,0,0,0,0,0,384.7532097,1817.618088,6.53521738,28.82776208,0.86073366,3.72298678,0.74005192,2.55968644,16.4865338,51.52639089,1278.393374,4917.395208,59.6927758,212.8891498,9.15554153,32.24327114,11.28557213,32.15621676,244.6255327,650.4956334,1343.840173,4409.294068,86.25740621,269.3919196,13.61463761,42.15190978,19.83825756,50.22335625,436.3766206,1043.752938,503.2520938,1557.450232,127.1416639,378.3439709,75.20542525,220.2682169,185.968807,445.7846251,1875.903732,4258.686781,67678.57761,22817.72945,0,1456.287819,4134.535287,3966.717824,22208.73286,42698.04432
Q114,2032.5,51927.2667,84779.47382,0,0,83.20028266,433.3831852,0,0,0,0,0,0,0,0,384.1937322,1817.507025,6.52429818,28.81802558,0.85937626,3.72181675,0.74568619,2.57486108,16.67111917,52.00259416,1275.948605,4913.965372,59.55899025,212.6549411,9.13617181,32.20978291,11.34090945,32.29010643,246.2329346,654.2680766,1340.39331,4402.974274,86.00448164,268.897078,13.57625197,42.07739785,19.87713034,50.32388069,437.5527984,1046.640271,501.7897301,1554.641043,126.7697998,377.6323769,74.98538278,219.8496481,185.6415359,445.3859747,1873.134186,4256.244086,68198.02408,23003.31871,0,1467.302515,4165.304732,3995.086434,22363.80851,43004.50181
Q115,2032.75,52128.29459,85131.53353,0,0,83.08935325,433.4619535,0,0,0,0,0,0,0,0,383.6555606,1817.476462,6.51376198,28.80966306,0.85806758,3.72081939,0.75123222,2.58977311,16.85277831,52.46986044,1273.583869,4910.783834,59.42937901,212.4327488,9.11741709,32.178053,11.39537569,32.42178153,247.8128259,657.9697777,1337.043373,4396.902507,85.75883302,268.4198185,13.53897425,42.00554628,19.91507955,50.4221004,438.6971505,1049.44992,500.3660137,1551.923199,126.4075633,376.9424856,74.77086498,219.4433007,185.3139633,444.9813821,1870.325752,4253.650424,68717.4501,23189.06928,0,1478.312681,4196.041009,4023.4024,22518.57876,43310.38071
Q116,2033,52330.19407,85485.3514,0,0,82.98288665,433.5589302,0,0,0,0,0,0,0,0,383.1383843,1817.52555,6.50360307,28.80266,0.85680675,3.7199929,0.75669086,2.60442904,17.03154752,52.92839006,1271.297813,4907.847721,59.30385086,212.2223879,9.09926437,32.14805386,11.44898455,32.55129453,249.3656529,661.6022996,1333.788676,4391.076312,85.52026768,267.9598148,13.50277506,41.93630464,19.95212589,50.51808371,439.810446,1052.184009,498.9802824,1549.295931,126.0547795,376.2741156,74.56177324,219.0490811,184.9862547,444.5714337,1867.481148,4250.913763,69236.87839,23374.98845,0,1489.318848,4226.745823,4051.667507,22673.05323,43615.69697
Q117,2033.25,52532.96713,85840.91759,0,0,82.88081917,433.6739271,0,0,0,0,0,0,0,0,382.6419015,1817.653456,6.49381547,28.79700141,0.85559297,3.71933506,0.76206395,2.61883577,17.20746396,53.37837893,1269.089131,4905.154216,59.18231967,212.02368,9.08170014,32.11975922,11.50174946,32.67869755,250.8918571,665.1671795,1330.627579,4385.493228,85.28860304,267.5167569,13.46762601,41.86962574,19.98829051,50.61189844,440.8934381,1054.844618,497.6318859,1546.758449,125.7112788,375.6270834,74.35801182,218.6668944,184.6585707,444.1567003,1864.603018,4248.041877,69756.3314,23561.08338,0,1500.321538,4257.420856,4079.883521,22827.24147,43920.46641
Q118,2033.5,52736.61577,86198.22272,0,0,82.7830896,433.8067593,0,0,0,0,0,0,0,0,382.1658181,1817.859358,6.48439407,28.79267256,0.85442561,3.7188445,0.76735185,2.63299963,17.38056485,53.82001962,1266.956556,4902.700551,59.06470325,211.8364549,9.06471219,32.0931446,11.55368386,32.80404292,252.3918761,668.6659274,1327.558481,4380.150796,85.06366735,267.0903511,13.43350051,41.80546499,20.02359441,50.70361081,441.9468639,1057.433782,496.320189,1544.30995,125.3768962,375.0012036,74.15948717,218.2966436,184.3310675,443.7377361,1861.693934,4245.042347,70275.83132,23747.36118,0,1511.321271,4288.067767,4108.052183,22981.15289,44224.70472
Q119,2033.75,52941.14202,86557.25782,0,0,82.6896377,433.957245,0,0,0,0,0,0,0,0,381.7098481,1818.142448,6.47533361,28.78965913,0.85330423,3.71851925,0.77255673,2.64692667,17.55088701,54.25350196,1264.89886,4900.484012,58.95092346,211.6605495,9.04828865,32.06818561,11.6048016,32.92738094,253.8661432,672.1000296,1324.579822,4375.04656,84.84529697,266.6803184,13.40037343,41.74377961,20.05805824,50.79328634,442.9714461,1059.953495,495.0445683,1541.949619,125.0514705,374.396289,73.96610867,217.9382318,184.0038971,443.3150801,1858.756395,4241.922565,70795.40014,23933.82888,0,1522.31856,4318.688195,4136.175215,23134.79681,44528.42744
Q120,2034,53146.54793,86918.01433,0,0,82.60040481,434.1252053,0,0,0,0,0,0,0,0,381.2737128,1818.501928,6.46662895,28.78794717,0.85222767,3.71835756,0.77767882,2.66062399,17.71846816,54.67901215,1262.914856,4898.501932,58.84090533,211.4958064,9.03241858,32.04485982,11.65511579,33.04876207,255.315088,675.4709468,1321.690082,4370.17807,84.6333376,266.286392,13.36822098,41.68452961,20.09170246,50.88098919,443.9678922,1062.405711,493.804415,1539.676631,124.7348453,373.8121512,73.77778847,217.59156,183.677207,442.8892554,1855.79283,4238.68974,71315.05958,24120.4934,0,1533.31391,4349.283757,4164.254315,23288.18245,44831.64998
Q121,2034.25,53352.83557,87280.4841,0,0,82.5153341,434.3104641,0,0,0,0,0,0,0,0,380.8571403,1818.937015,6.45827498,28.78752266,0.85119592,3.718358,0.78272039,2.67409654,17.88334608,55.09673349,1261.003391,4896.751695,58.73457808,211.3420739,9.01709153,32.02314476,11.70463997,33.16823553,256.7391358,678.7801157,1318.88778,4365.542888,84.42764233,265.9083165,13.33702002,41.6276755,20.12454733,50.96678282,444.9368969,1064.792344,492.5991333,1537.490153,124.4268691,373.2486009,73.59444103,217.2565292,183.351141,442.4607716,1852.805605,4235.350895,71834.83112,24307.36161,0,1544.307823,4379.85605,4192.29116,23441.31893,45134.38761
Q122,2034.5,53560.00704,87644.65937,0,0,82.43436975,434.5128476,0,0,0,0,0,0,0,0,380.4598667,1819.446937,6.45026634,28.78837186,0.85020799,3.71851852,0.78768244,2.68735154,18.04555841,55.50684537,1259.163348,4895.23073,58.63187357,211.1992057,9.00229665,32.00301951,11.75338783,33.28585027,258.1387089,682.0289493,1316.171476,4361.13859,84.22807199,265.5458494,13.30675003,41.57318147,20.15661311,51.05072938,445.8791405,1067.115267,491.4281414,1535.389348,124.1273934,372.7054485,73.41598259,216.9330395,183.0258385,442.030122,1849.797015,4231.912876,72354.73604,24494.44029,0,1555.300794,4410.406652,4220.287408,23594.21523,45436.65547
Q123,2034.75,53768.06446,88010.53278,0,0,82.35745759,434.7321858,0,0,0,0,0,0,0,0,380.0816336,1820.030935,6.44259917,28.79048146,0.8492632,3.71883761,0.79256585,2.70039425,18.205143,55.90952548,1257.393642,4893.936512,58.53272647,211.0670602,8.98802529,31.98446343,11.8013726,33.40165393,259.5142251,685.2188381,1313.539764,4356.962763,84.03449297,265.198756,13.2773902,41.52101164,20.18791919,51.13289062,446.7952911,1069.37632,490.2908696,1533.373376,123.8362747,372.1825041,73.24233208,216.6209906,182.7014356,441.5977873,1846.769294,4228.382352,72874.79536,24681.73614,0,1566.293313,4440.937119,4248.244695,23746.88028,45738.46856
Q124,2035,53977.00996,88378.09733,0,0,82.28454453,434.9683102,0,0,0,0,0,0,0,0,379.7221898,1820.688261,6.43526833,28.79383818,0.84836108,3.719314,0.79737235,2.71323082,18.36213823,56.30494698,1255.693223,4892.866562,58.43707446,210.9455007,8.97426718,31.96745648,11.84860749,33.51569415,260.8660987,688.3511488,1310.991276,4353.013016,83.84677954,264.8668115,13.24892136,41.47113259,20.21848565,51.21332609,447.6860045,1071.577304,489.186763,1531.441393,123.5533729,371.6795767,73.07341096,216.3202821,182.3780634,441.1642329,1843.724612,4224.765819,73395.02992,24869.2558,0,1577.285863,4471.448989,4276.164636,23899.32286,46039.84175
Q125,2035.25,54186.84572,88747.3464,0,0,82.21557891,435.2210568,0,0,0,0,0,0,0,0,379.3812901,1821.41818,6.42826922,28.79842911,0.84750119,3.71994573,0.8021028,2.72586645,18.51658234,56.69328111,1254.061068,4892.018443,58.34485728,210.8343941,8.96101381,31.95197984,11.89510632,33.62801742,262.1947413,691.4272275,1308.524682,4349.286973,83.66481069,264.5498,13.22132465,41.42351178,20.24833194,51.2920958,448.5519241,1073.719985,488.1152797,1529.592557,123.2785518,371.1964773,72.90914244,216.030813,182.0558506,440.7299115,1840.665079,4221.069605,73915.46032,25057.00582,0,1588.278924,4501.943783,4304.048826,24051.55167,46340.78975
Q126,2035.5,54397.57393,89118.27374,0,0,82.1505111,435.4902631,0,0,0,0,0,0,0,0,379.0586956,1822.219969,6.42159765,28.80424131,0.84668291,3.72073125,0.80675906,2.73830737,18.66851323,57.07469526,1252.496186,4891.389763,58.25601786,210.7336111,8.94825694,31.9380149,11.94088224,33.73866951,263.5005598,694.4483969,1306.138685,4345.782282,83.488471,264.2475129,13.1945831,41.37811782,20.27747742,51.36925783,449.3936822,1075.806094,487.0758895,1527.826024,123.0116792,370.7330156,72.74945183,215.7524832,181.7349212,440.2952622,1837.592746,4217.299868,74436.10694,25244.99271,0,1599.272969,4532.423001,4331.898842,24203.57531,46641.32718
Q127,2035.75,54609.19679,89490.87343,0,0,82.08929143,435.7757694,0,0,0,0,0,0,0,0,378.7541725,1823.092915,6.41524925,28.81126238,0.84590552,3.72166896,0.81134165,2.75055837,18.81796943,57.4493548,1250.997614,4890.978169,58.17050019,210.6430264,8.93598793,31.92554306,11.98594831,33.84769541,264.7839585,697.4159595,1303.832023,4342.496612,83.31765059,263.9597491,13.16867947,41.33492082,20.30594088,51.44486891,450.2118995,1077.83733,486.0680761,1526.140955,122.7526258,370.2890028,72.59426696,215.4851916,181.4153966,439.8607112,1834.509603,4213.462606,74956.98996,25433.22287,0,1610.268468,4562.888125,4359.716239,24355.40228,46941.46848
Q128,2036,54821.71654,89865.13994,0,0,82.03187191,436.0774194,0,0,0,0,0,0,0,0,378.467494,1824.036319,6.40921977,28.81947977,0.84516861,3.72275765,0.81585248,2.76262523,18.96498882,57.81742174,1249.564416,4890.781353,58.0882512,210.5625183,8.92419912,31.91454714,12.03031776,33.95513994,266.0453378,700.331196,1301.603466,4339.427653,83.15224343,263.6863134,13.14359768,41.29389139,20.33374121,51.5189858,451.0071858,1079.815357,485.0913358,1524.536513,122.5012669,369.8642504,72.44351697,215.2288382,181.097394,439.4266723,1831.417588,4209.563653,75478.12936,25621.70266,0,1621.265884,4593.340622,4387.502556,24507.04098,47241.22798
Q129,2036.25,55035.13545,90241.06803,0,0,81.97820601,436.3950587,0,0,0,0,0,0,0,0,378.1984375,1825.049492,6.40350526,28.82888153,0.84447158,3.7239956,0.82029261,2.77451347,19.10961,58.17905493,1248.195682,4890.797042,58.00921952,210.4919673,8.91288295,31.90501018,12.07400391,34.06104683,267.285095,703.1953672,1299.451818,4336.573124,82.99214845,263.4270175,13.1193226,41.25500162,20.36089708,51.59166385,451.7801407,1081.741808,484.1451769,1523.011864,122.2574802,369.458571,72.29713361,214.9833227,180.7810272,438.9935466,1828.318582,4205.608691,75999.54492,25810.43837,0,1632.265674,4623.78194,4415.25931,24658.4997,47540.61989
Q130,2036.5,55249.4558,90618.65283,0,0,81.92824819,436.7285363,0,0,0,0,0,0,0,0,377.9467865,1826.131757,6.39810155,28.83945539,0.84381411,3.72538109,0.82466324,2.78622768,19.25187099,58.53441129,1246.890527,4891.023007,57.93335538,210.431258,8.90203222,31.89691503,12.11701983,34.16545872,268.5036233,706.0097129,1297.375915,4333.930765,82.83726902,263.1816786,13.09583951,41.21822404,20.38742674,51.66295723,452.5313529,1083.618284,483.2291203,1521.566182,122.0211469,369.0717784,72.15504947,214.7485456,180.4664073,438.5617231,1825.214411,4201.603244,76521.25622,25999.43623,0,1643.268294,4654.213509,4442.988001,24809.78664,47839.65826
Q131,2036.75,55464.67989,90997.88978,0,0,81.8819536,437.0777035,0,0,0,0,0,0,0,0,377.7123295,1827.282449,6.39300502,28.85118986,0.84319565,3.72691337,0.82896574,2.79777342,19.39181025,58.88364456,1245.648089,4891.457054,57.86061099,210.3802772,8.89163957,31.89024605,12.15937847,34.26841881,269.7013138,708.7754533,1295.374623,4331.498344,82.68751169,262.9501194,13.07313365,41.18353287,20.41334833,51.73291902,453.2614016,1085.446357,482.3426987,1520.198643,121.7921521,368.7036873,72.0172001,214.5244075,180.1536418,438.1315798,1822.10685,4197.552686,77043.28263,26188.70239,0,1654.274192,4684.636745,4470.690111,24960.90992,48138.35704
Q132,2037,55680.81006,91378.77464,0,0,81.83927916,437.4424141,0,0,0,0,0,0,0,0,377.4948598,1828.500912,6.38821145,28.86407343,0.84261538,3.72859071,0.83320159,2.80915529,19.52946568,59.22690574,1244.467532,4892.09703,57.79093972,210.3389143,8.88169842,31.88498689,12.20109296,34.36996843,270.878553,711.4937892,1293.446837,4329.273656,82.54278703,262.7321672,13.05119234,41.15090201,20.43867988,51.80160227,453.9708558,1087.227565,481.4854567,1518.908432,121.5703832,368.3541143,71.88352249,214.3108101,179.8428351,437.7034821,1818.997624,4193.462245,77565.64337,26378.24296,0,1665.283812,4715.053046,4498.367103,25111.87754,48436.73003
Q133,2037.25,55897.84866,91761.30347,0,0,81.80018213,437.8225243,0,0,0,0,0,0,0,0,377.294176,1829.786505,6.38371757,28.87809468,0.84207358,3.73041121,0.83737176,2.82037863,19.6648752,59.56434283,1243.348041,4892.940816,57.72429744,210.3070618,8.87220214,31.88112231,12.24217569,34.47014861,272.0357248,714.165901,1291.591482,4327.254522,82.40300847,262.5276547,13.0300023,41.12030639,20.46343887,51.86905751,454.6602757,1088.96342,480.6569499,1517.69474,121.3557311,368.022877,71.75395475,214.1076554,179.5340883,437.2777852,1815.888408,4189.337003,78088.35743,26568.06397,0,1676.297595,4745.463795,4526.020425,25262.69743,48734.79091
Q134,2037.5,56115.79808,92145.47266,0,0,81.76462118,438.2178939,0,0,0,0,0,0,0,0,377.1100812,1831.138595,6.37951937,28.89324212,0.84156895,3.73237399,0.84147748,2.83144786,19.79807681,59.89610209,1242.288822,4893.986332,57.66064034,210.2846142,8.86314445,31.87863727,12.28263993,34.56900002,273.1732092,716.7929516,1289.807511,4325.438792,82.26809376,262.3364181,13.00955067,41.09172203,20.48764326,51.93533615,455.3302111,1090.655404,479.8567455,1516.556766,121.1480893,367.7097943,71.62843737,213.9148459,179.2275003,436.8548327,1812.780827,4185.181899,78611.44365,26758.1714,0,1687.315976,4775.870359,4553.651504,25413.37742,49032.55324
Q135,2037.75,56334.66072,92531.27888,0,0,81.7325559,438.6283841,0,0,0,0,0,0,0,0,376.9423831,1832.55656,6.37561367,28.90950507,0.84110165,3.7344779,0.8455201,2.84236771,19.92910881,60.2223263,1241.2891,4895.231533,57.59992637,210.2714682,8.85451895,31.87751698,12.3224982,34.66656235,274.2913833,719.3760837,1288.093905,4323.824342,82.13796267,262.1582993,12.98982542,41.0651253,20.51131016,52.00048724,455.9812037,1092.30497,479.0844215,1515.493716,120.9473544,367.4146874,71.50691197,213.7322853,178.9231663,436.4349582,1809.676461,4181.001736,79134.92067,26948.57119,0,1698.339384,4806.27409,4581.261753,25563.92525,49330.03047
Q136,2038,56554.43901,92918.71908,0,0,81.70394662,439.053859,0,0,0,0,0,0,0,0,376.7908938,1834.039791,6.37199669,28.92687312,0.84067114,3.73672132,0.84950113,2.85314277,20.0580083,60.54315645,1240.348125,4896.674409,57.54211529,210.2675233,8.84632014,31.87774679,12.36176344,34.76287469,275.3906207,721.9164233,1286.449669,4322.409078,82.01253789,261.9931416,12.97081531,41.04049307,20.53445634,52.06455985,456.6137858,1093.913543,478.3395672,1514.504805,120.7534259,367.1373788,71.38932218,213.5598774,178.6211788,436.0184843,1806.576843,4176.801182,79658.80697,27139.26919,0,1709.368249,4836.676326,4608.852568,25714.34856,49627.23589
